Gamma,Lambda,Accuracy
1e-06,1e-06,14.457831325301203
1e-06,1.33e-06,13.55421686746988
1e-06,1.76e-06,25.502008032128515
1e-06,2.33e-06,13.353413654618473
1e-06,3.09e-06,21.385542168674696
1e-06,4.09e-06,17.16867469879518
1e-06,5.43e-06,18.27309236947791
1e-06,7.2e-06,22.590361445783135
1e-06,9.54e-06,28.714859437751006
1e-06,1.265e-05,66.36546184738957
1e-06,1.677e-05,73.79518072289156
1e-06,2.223e-05,79.81927710843374
1e-06,2.947e-05,82.429718875502
1e-06,3.907e-05,83.23293172690764
1e-06,5.179e-05,85.7429718875502
1e-06,6.866e-05,82.53012048192771
1e-06,9.103e-05,84.43775100401606
1e-06,0.00012068,85.4417670682731
1e-06,0.00015999,84.53815261044177
1e-06,0.0002121,84.23694779116467
1e-06,0.00028118,84.83935742971887
1e-06,0.00037276,83.73493975903614
1e-06,0.00049417,82.73092369477911
1e-06,0.00065513,82.53012048192771
1e-06,0.00086851,82.1285140562249
1e-06,0.0011514,81.02409638554217
1e-06,0.00152642,79.51807228915662
1e-06,0.00202359,78.21285140562249
1e-06,0.0026827,78.21285140562249
1e-06,0.00355648,76.20481927710844
1e-06,0.00471487,74.3975903614458
1e-06,0.00625055,72.48995983935743
1e-06,0.00828643,71.3855421686747
1e-06,0.01098541,70.08032128514057
1e-06,0.01456348,68.67469879518072
1e-06,0.01930698,67.06827309236948
1e-06,0.02559548,65.66265060240963
1e-06,0.03393222,64.45783132530121
1e-06,0.04498433,63.35341365461847
1e-06,0.05963623,61.64658634538153
1e-06,0.07906043,60.14056224899599
1e-06,0.10481131,58.734939759036145
1e-06,0.13894955,57.22891566265061
1e-06,0.184207,55.321285140562246
1e-06,0.24420531,53.6144578313253
1e-06,0.32374575,52.108433734939766
1e-06,0.42919343,51.104417670682736
1e-06,0.5689866,50.0
1e-06,0.75431201,48.795180722891565
1e-06,1.0,48.493975903614455
1.33e-06,1e-06,19.67871485943775
1.33e-06,1.33e-06,15.963855421686745
1.33e-06,1.76e-06,21.78714859437751
1.33e-06,2.33e-06,19.979919678714857
1.33e-06,3.09e-06,15.66265060240964
1.33e-06,4.09e-06,19.27710843373494
1.33e-06,5.43e-06,13.755020080321284
1.33e-06,7.2e-06,24.096385542168676
1.33e-06,9.54e-06,67.3694779116466
1.33e-06,1.265e-05,78.5140562248996
1.33e-06,1.677e-05,81.52610441767068
1.33e-06,2.223e-05,85.4417670682731
1.33e-06,2.947e-05,85.8433734939759
1.33e-06,3.907e-05,83.73493975903614
1.33e-06,5.179e-05,87.65060240963855
1.33e-06,6.866e-05,86.24497991967871
1.33e-06,9.103e-05,86.44578313253012
1.33e-06,0.00012068,87.65060240963855
1.33e-06,0.00015999,86.34538152610442
1.33e-06,0.0002121,86.44578313253012
1.33e-06,0.00028118,86.74698795180723
1.33e-06,0.00037276,84.73895582329317
1.33e-06,0.00049417,84.93975903614458
1.33e-06,0.00065513,83.63453815261043
1.33e-06,0.00086851,83.53413654618474
1.33e-06,0.0011514,82.83132530120481
1.33e-06,0.00152642,82.2289156626506
1.33e-06,0.00202359,80.62248995983936
1.33e-06,0.0026827,79.71887550200803
1.33e-06,0.00355648,78.81526104417671
1.33e-06,0.00471487,77.30923694779116
1.33e-06,0.00625055,75.50200803212851
1.33e-06,0.00828643,73.79518072289156
1.33e-06,0.01098541,71.98795180722891
1.33e-06,0.01456348,70.88353413654619
1.33e-06,0.01930698,69.57831325301204
1.33e-06,0.02559548,67.7710843373494
1.33e-06,0.03393222,66.16465863453816
1.33e-06,0.04498433,64.65863453815261
1.33e-06,0.05963623,63.55421686746988
1.33e-06,0.07906043,61.84738955823293
1.33e-06,0.10481131,60.7429718875502
1.33e-06,0.13894955,59.43775100401606
1.33e-06,0.184207,57.831325301204814
1.33e-06,0.24420531,56.12449799196787
1.33e-06,0.32374575,53.915662650602414
1.33e-06,0.42919343,52.00803212851406
1.33e-06,0.5689866,50.903614457831324
1.33e-06,0.75431201,50.20080321285141
1.33e-06,1.0,48.69477911646587
1.76e-06,1e-06,17.9718875502008
1.76e-06,1.33e-06,11.04417670682731
1.76e-06,1.76e-06,16.265060240963855
1.76e-06,2.33e-06,15.261044176706829
1.76e-06,3.09e-06,18.87550200803213
1.76e-06,4.09e-06,26.20481927710843
1.76e-06,5.43e-06,23.49397590361446
1.76e-06,7.2e-06,23.895582329317268
1.76e-06,9.54e-06,78.5140562248996
1.76e-06,1.265e-05,83.73493975903614
1.76e-06,1.677e-05,85.94377510040161
1.76e-06,2.223e-05,85.04016064257029
1.76e-06,2.947e-05,88.55421686746988
1.76e-06,3.907e-05,89.65863453815261
1.76e-06,5.179e-05,87.85140562248996
1.76e-06,6.866e-05,88.75502008032129
1.76e-06,9.103e-05,89.7590361445783
1.76e-06,0.00012068,89.95983935742971
1.76e-06,0.00015999,88.65461847389558
1.76e-06,0.0002121,88.95582329317268
1.76e-06,0.00028118,88.15261044176707
1.76e-06,0.00037276,87.34939759036145
1.76e-06,0.00049417,86.94779116465864
1.76e-06,0.00065513,85.54216867469879
1.76e-06,0.00086851,85.14056224899599
1.76e-06,0.0011514,84.33734939759037
1.76e-06,0.00152642,83.23293172690764
1.76e-06,0.00202359,82.53012048192771
1.76e-06,0.0026827,81.42570281124499
1.76e-06,0.00355648,80.52208835341365
1.76e-06,0.00471487,79.11646586345381
1.76e-06,0.00625055,78.21285140562249
1.76e-06,0.00828643,76.40562248995984
1.76e-06,0.01098541,74.8995983935743
1.76e-06,0.01456348,72.79116465863453
1.76e-06,0.01930698,71.3855421686747
1.76e-06,0.02559548,70.08032128514057
1.76e-06,0.03393222,68.37349397590361
1.76e-06,0.04498433,67.06827309236948
1.76e-06,0.05963623,65.16064257028113
1.76e-06,0.07906043,63.65461847389559
1.76e-06,0.10481131,62.048192771084345
1.76e-06,0.13894955,61.24497991967871
1.76e-06,0.184207,59.53815261044176
1.76e-06,0.24420531,58.032128514056225
1.76e-06,0.32374575,56.42570281124498
1.76e-06,0.42919343,54.21686746987952
1.76e-06,0.5689866,52.610441767068274
1.76e-06,0.75431201,51.00401606425703
1.76e-06,1.0,50.602409638554214
2.33e-06,1e-06,14.457831325301203
2.33e-06,1.33e-06,21.88755020080321
2.33e-06,1.76e-06,19.176706827309236
2.33e-06,2.33e-06,22.89156626506024
2.33e-06,3.09e-06,16.867469879518072
2.33e-06,4.09e-06,19.377510040160644
2.33e-06,5.43e-06,30.522088353413658
2.33e-06,7.2e-06,57.028112449799195
2.33e-06,9.54e-06,86.34538152610442
2.33e-06,1.265e-05,88.95582329317268
2.33e-06,1.677e-05,89.95983935742971
2.33e-06,2.223e-05,88.75502008032129
2.33e-06,2.947e-05,90.56224899598394
2.33e-06,3.907e-05,90.06024096385542
2.33e-06,5.179e-05,90.36144578313254
2.33e-06,6.866e-05,90.76305220883533
2.33e-06,9.103e-05,90.96385542168674
2.33e-06,0.00012068,90.36144578313254
2.33e-06,0.00015999,90.96385542168674
2.33e-06,0.0002121,90.56224899598394
2.33e-06,0.00028118,90.16064257028113
2.33e-06,0.00037276,89.05622489959839
2.33e-06,0.00049417,88.95582329317268
2.33e-06,0.00065513,87.85140562248996
2.33e-06,0.00086851,86.84738955823293
2.33e-06,0.0011514,86.34538152610442
2.33e-06,0.00152642,85.2409638554217
2.33e-06,0.00202359,84.63855421686746
2.33e-06,0.0026827,83.43373493975903
2.33e-06,0.00355648,82.2289156626506
2.33e-06,0.00471487,81.52610441767068
2.33e-06,0.00625055,80.32128514056225
2.33e-06,0.00828643,79.11646586345381
2.33e-06,0.01098541,77.81124497991968
2.33e-06,0.01456348,76.10441767068274
2.33e-06,0.01930698,73.89558232931726
2.33e-06,0.02559548,72.18875502008032
2.33e-06,0.03393222,70.78313253012048
2.33e-06,0.04498433,69.47791164658635
2.33e-06,0.05963623,67.570281124498
2.33e-06,0.07906043,65.96385542168674
2.33e-06,0.10481131,64.1566265060241
2.33e-06,0.13894955,62.44979919678715
2.33e-06,0.184207,61.54618473895582
2.33e-06,0.24420531,60.14056224899599
2.33e-06,0.32374575,58.53413654618473
2.33e-06,0.42919343,57.028112449799195
2.33e-06,0.5689866,54.61847389558233
2.33e-06,0.75431201,53.21285140562249
2.33e-06,1.0,51.50602409638554
3.09e-06,1e-06,17.670682730923694
3.09e-06,1.33e-06,15.160642570281125
3.09e-06,1.76e-06,13.55421686746988
3.09e-06,2.33e-06,16.967871485943775
3.09e-06,3.09e-06,29.21686746987952
3.09e-06,4.09e-06,19.176706827309236
3.09e-06,5.43e-06,54.11646586345381
3.09e-06,7.2e-06,87.95180722891565
3.09e-06,9.54e-06,87.14859437751004
3.09e-06,1.265e-05,90.86345381526104
3.09e-06,1.677e-05,90.46184738955823
3.09e-06,2.223e-05,91.96787148594377
3.09e-06,2.947e-05,91.86746987951807
3.09e-06,3.907e-05,92.26907630522089
3.09e-06,5.179e-05,92.3694779116466
3.09e-06,6.866e-05,91.86746987951807
3.09e-06,9.103e-05,92.3694779116466
3.09e-06,0.00012068,92.16867469879519
3.09e-06,0.00015999,92.3694779116466
3.09e-06,0.0002121,92.26907630522089
3.09e-06,0.00028118,91.76706827309236
3.09e-06,0.00037276,91.16465863453816
3.09e-06,0.00049417,91.16465863453816
3.09e-06,0.00065513,90.76305220883533
3.09e-06,0.00086851,90.06024096385542
3.09e-06,0.0011514,88.35341365461848
3.09e-06,0.00152642,87.75100401606426
3.09e-06,0.00202359,86.74698795180723
3.09e-06,0.0026827,85.8433734939759
3.09e-06,0.00355648,84.13654618473896
3.09e-06,0.00471487,83.43373493975903
3.09e-06,0.00625055,82.2289156626506
3.09e-06,0.00828643,81.02409638554217
3.09e-06,0.01098541,80.42168674698796
3.09e-06,0.01456348,78.81526104417671
3.09e-06,0.01930698,77.10843373493977
3.09e-06,0.02559548,75.50200803212851
3.09e-06,0.03393222,73.19277108433735
3.09e-06,0.04498433,71.3855421686747
3.09e-06,0.05963623,69.97991967871486
3.09e-06,0.07906043,68.47389558232932
3.09e-06,0.10481131,66.56626506024097
3.09e-06,0.13894955,64.7590361445783
3.09e-06,0.184207,62.65060240963856
3.09e-06,0.24420531,61.84738955823293
3.09e-06,0.32374575,60.8433734939759
3.09e-06,0.42919343,59.23694779116466
3.09e-06,0.5689866,57.93172690763052
3.09e-06,0.75431201,55.42168674698795
3.09e-06,1.0,53.112449799196796
4.09e-06,1e-06,13.95582329317269
4.09e-06,1.33e-06,18.67469879518072
4.09e-06,1.76e-06,17.9718875502008
4.09e-06,2.33e-06,21.385542168674696
4.09e-06,3.09e-06,24.497991967871485
4.09e-06,4.09e-06,54.91967871485943
4.09e-06,5.43e-06,90.96385542168674
4.09e-06,7.2e-06,91.66666666666666
4.09e-06,9.54e-06,91.86746987951807
4.09e-06,1.265e-05,93.07228915662651
4.09e-06,1.677e-05,93.97590361445783
4.09e-06,2.223e-05,93.97590361445783
4.09e-06,2.947e-05,94.07630522088354
4.09e-06,3.907e-05,93.37349397590361
4.09e-06,5.179e-05,93.57429718875501
4.09e-06,6.866e-05,92.8714859437751
4.09e-06,9.103e-05,93.07228915662651
4.09e-06,0.00012068,93.47389558232932
4.09e-06,0.00015999,92.9718875502008
4.09e-06,0.0002121,93.47389558232932
4.09e-06,0.00028118,92.8714859437751
4.09e-06,0.00037276,92.570281124498
4.09e-06,0.00049417,92.16867469879519
4.09e-06,0.00065513,91.76706827309236
4.09e-06,0.00086851,91.66666666666666
4.09e-06,0.0011514,91.06425702811245
4.09e-06,0.00152642,90.06024096385542
4.09e-06,0.00202359,88.85542168674698
4.09e-06,0.0026827,87.85140562248996
4.09e-06,0.00355648,86.54618473895582
4.09e-06,0.00471487,85.7429718875502
4.09e-06,0.00625055,84.13654618473896
4.09e-06,0.00828643,83.13253012048193
4.09e-06,0.01098541,82.0281124497992
4.09e-06,0.01456348,81.32530120481928
4.09e-06,0.01930698,79.81927710843374
4.09e-06,0.02559548,78.1124497991968
4.09e-06,0.03393222,76.90763052208835
4.09e-06,0.04498433,74.69879518072288
4.09e-06,0.05963623,72.48995983935743
4.09e-06,0.07906043,70.58232931726907
4.09e-06,0.10481131,69.37751004016064
4.09e-06,0.13894955,67.46987951807229
4.09e-06,0.184207,65.76305220883533
4.09e-06,0.24420531,63.45381526104418
4.09e-06,0.32374575,62.24899598393574
4.09e-06,0.42919343,61.34538152610441
4.09e-06,0.5689866,59.738955823293175
4.09e-06,0.75431201,58.13253012048193
4.09e-06,1.0,55.82329317269076
5.43e-06,1e-06,21.184738955823292
5.43e-06,1.33e-06,42.168674698795186
5.43e-06,1.76e-06,82.429718875502
5.43e-06,2.33e-06,92.06827309236948
5.43e-06,3.09e-06,92.9718875502008
5.43e-06,4.09e-06,92.570281124498
5.43e-06,5.43e-06,93.47389558232932
5.43e-06,7.2e-06,94.57831325301204
5.43e-06,9.54e-06,93.37349397590361
5.43e-06,1.265e-05,94.37751004016064
5.43e-06,1.677e-05,93.27309236947792
5.43e-06,2.223e-05,93.77510040160642
5.43e-06,2.947e-05,94.67871485943775
5.43e-06,3.907e-05,93.97590361445783
5.43e-06,5.179e-05,93.87550200803213
5.43e-06,6.866e-05,94.37751004016064
5.43e-06,9.103e-05,94.27710843373494
5.43e-06,0.00012068,94.07630522088354
5.43e-06,0.00015999,94.37751004016064
5.43e-06,0.0002121,93.97590361445783
5.43e-06,0.00028118,93.97590361445783
5.43e-06,0.00037276,93.57429718875501
5.43e-06,0.00049417,93.47389558232932
5.43e-06,0.00065513,92.8714859437751
5.43e-06,0.00086851,92.8714859437751
5.43e-06,0.0011514,92.26907630522089
5.43e-06,0.00152642,91.76706827309236
5.43e-06,0.00202359,91.06425702811245
5.43e-06,0.0026827,89.85943775100401
5.43e-06,0.00355648,89.45783132530121
5.43e-06,0.00471487,88.55421686746988
5.43e-06,0.00625055,87.04819277108435
5.43e-06,0.00828643,85.64257028112449
5.43e-06,0.01098541,84.43775100401606
5.43e-06,0.01456348,83.23293172690764
5.43e-06,0.01930698,82.1285140562249
5.43e-06,0.02559548,81.32530120481928
5.43e-06,0.03393222,79.61847389558233
5.43e-06,0.04498433,77.91164658634538
5.43e-06,0.05963623,76.10441767068274
5.43e-06,0.07906043,74.29718875502009
5.43e-06,0.10481131,72.08835341365462
5.43e-06,0.13894955,69.87951807228916
5.43e-06,0.184207,68.87550200803213
5.43e-06,0.24420531,66.36546184738957
5.43e-06,0.32374575,64.5582329317269
5.43e-06,0.42919343,62.75100401606426
5.43e-06,0.5689866,61.54618473895582
5.43e-06,0.75431201,60.14056224899599
5.43e-06,1.0,58.333333333333336
7.2e-06,1e-06,93.87550200803213
7.2e-06,1.33e-06,93.37349397590361
7.2e-06,1.76e-06,94.27710843373494
7.2e-06,2.33e-06,94.27710843373494
7.2e-06,3.09e-06,94.27710843373494
7.2e-06,4.09e-06,94.37751004016064
7.2e-06,5.43e-06,94.37751004016064
7.2e-06,7.2e-06,93.97590361445783
7.2e-06,9.54e-06,94.77911646586345
7.2e-06,1.265e-05,94.87951807228916
7.2e-06,1.677e-05,94.77911646586345
7.2e-06,2.223e-05,95.18072289156626
7.2e-06,2.947e-05,94.67871485943775
7.2e-06,3.907e-05,94.97991967871486
7.2e-06,5.179e-05,94.67871485943775
7.2e-06,6.866e-05,94.67871485943775
7.2e-06,9.103e-05,94.47791164658635
7.2e-06,0.00012068,94.97991967871486
7.2e-06,0.00015999,94.77911646586345
7.2e-06,0.0002121,94.97991967871486
7.2e-06,0.00028118,94.77911646586345
7.2e-06,0.00037276,94.37751004016064
7.2e-06,0.00049417,94.17670682730925
7.2e-06,0.00065513,94.07630522088354
7.2e-06,0.00086851,94.17670682730925
7.2e-06,0.0011514,93.77510040160642
7.2e-06,0.00152642,93.27309236947792
7.2e-06,0.00202359,92.67068273092369
7.2e-06,0.0026827,92.26907630522089
7.2e-06,0.00355648,91.46586345381526
7.2e-06,0.00471487,90.16064257028113
7.2e-06,0.00625055,89.65863453815261
7.2e-06,0.00828643,88.95582329317268
7.2e-06,0.01098541,87.55020080321285
7.2e-06,0.01456348,85.8433734939759
7.2e-06,0.01930698,85.04016064257029
7.2e-06,0.02559548,83.03212851405623
7.2e-06,0.03393222,82.0281124497992
7.2e-06,0.04498433,80.72289156626506
7.2e-06,0.05963623,79.21686746987952
7.2e-06,0.07906043,77.81124497991968
7.2e-06,0.10481131,75.40160642570282
7.2e-06,0.13894955,73.39357429718876
7.2e-06,0.184207,71.3855421686747
7.2e-06,0.24420531,69.37751004016064
7.2e-06,0.32374575,67.16867469879519
7.2e-06,0.42919343,65.66265060240963
7.2e-06,0.5689866,63.55421686746988
7.2e-06,0.75431201,62.24899598393574
7.2e-06,1.0,60.6425702811245
9.54e-06,1e-06,95.28112449799197
9.54e-06,1.33e-06,95.48192771084338
9.54e-06,1.76e-06,94.67871485943775
9.54e-06,2.33e-06,95.28112449799197
9.54e-06,3.09e-06,95.58232931726907
9.54e-06,4.09e-06,95.18072289156626
9.54e-06,5.43e-06,95.58232931726907
9.54e-06,7.2e-06,95.58232931726907
9.54e-06,9.54e-06,95.38152610441767
9.54e-06,1.265e-05,95.28112449799197
9.54e-06,1.677e-05,95.18072289156626
9.54e-06,2.223e-05,94.97991967871486
9.54e-06,2.947e-05,95.38152610441767
9.54e-06,3.907e-05,95.48192771084338
9.54e-06,5.179e-05,95.48192771084338
9.54e-06,6.866e-05,95.38152610441767
9.54e-06,9.103e-05,95.38152610441767
9.54e-06,0.00012068,95.58232931726907
9.54e-06,0.00015999,95.28112449799197
9.54e-06,0.0002121,95.38152610441767
9.54e-06,0.00028118,95.28112449799197
9.54e-06,0.00037276,95.18072289156626
9.54e-06,0.00049417,95.08032128514057
9.54e-06,0.00065513,95.08032128514057
9.54e-06,0.00086851,94.97991967871486
9.54e-06,0.0011514,94.87951807228916
9.54e-06,0.00152642,94.77911646586345
9.54e-06,0.00202359,94.47791164658635
9.54e-06,0.0026827,93.57429718875501
9.54e-06,0.00355648,92.7710843373494
9.54e-06,0.00471487,92.46987951807229
9.54e-06,0.00625055,91.66666666666666
9.54e-06,0.00828643,90.66265060240963
9.54e-06,0.01098541,89.7590361445783
9.54e-06,0.01456348,89.05622489959839
9.54e-06,0.01930698,87.44979919678715
9.54e-06,0.02559548,85.94377510040161
9.54e-06,0.03393222,84.93975903614458
9.54e-06,0.04498433,83.53413654618474
9.54e-06,0.05963623,81.92771084337349
9.54e-06,0.07906043,80.92369477911646
9.54e-06,0.10481131,79.01606425702812
9.54e-06,0.13894955,77.00803212851406
9.54e-06,0.184207,75.1004016064257
9.54e-06,0.24420531,72.79116465863453
9.54e-06,0.32374575,70.48192771084338
9.54e-06,0.42919343,68.17269076305222
9.54e-06,0.5689866,66.16465863453816
9.54e-06,0.75431201,64.5582329317269
9.54e-06,1.0,62.85140562248996
1.265e-05,1e-06,95.98393574297188
1.265e-05,1.33e-06,95.48192771084338
1.265e-05,1.76e-06,95.68273092369478
1.265e-05,2.33e-06,95.78313253012048
1.265e-05,3.09e-06,95.88353413654619
1.265e-05,4.09e-06,95.68273092369478
1.265e-05,5.43e-06,95.58232931726907
1.265e-05,7.2e-06,95.88353413654619
1.265e-05,9.54e-06,95.48192771084338
1.265e-05,1.265e-05,95.48192771084338
1.265e-05,1.677e-05,95.78313253012048
1.265e-05,2.223e-05,95.68273092369478
1.265e-05,2.947e-05,95.88353413654619
1.265e-05,3.907e-05,95.68273092369478
1.265e-05,5.179e-05,95.98393574297188
1.265e-05,6.866e-05,96.08433734939759
1.265e-05,9.103e-05,95.98393574297188
1.265e-05,0.00012068,95.88353413654619
1.265e-05,0.00015999,95.98393574297188
1.265e-05,0.0002121,95.98393574297188
1.265e-05,0.00028118,95.68273092369478
1.265e-05,0.00037276,95.58232931726907
1.265e-05,0.00049417,95.48192771084338
1.265e-05,0.00065513,95.58232931726907
1.265e-05,0.00086851,95.88353413654619
1.265e-05,0.0011514,95.68273092369478
1.265e-05,0.00152642,95.28112449799197
1.265e-05,0.00202359,94.97991967871486
1.265e-05,0.0026827,94.97991967871486
1.265e-05,0.00355648,94.77911646586345
1.265e-05,0.00471487,93.67469879518072
1.265e-05,0.00625055,92.9718875502008
1.265e-05,0.00828643,92.67068273092369
1.265e-05,0.01098541,92.06827309236948
1.265e-05,0.01456348,90.76305220883533
1.265e-05,0.01930698,89.95983935742971
1.265e-05,0.02559548,89.1566265060241
1.265e-05,0.03393222,87.75100401606426
1.265e-05,0.04498433,86.34538152610442
1.265e-05,0.05963623,85.14056224899599
1.265e-05,0.07906043,83.73493975903614
1.265e-05,0.10481131,82.1285140562249
1.265e-05,0.13894955,80.12048192771084
1.265e-05,0.184207,78.6144578313253
1.265e-05,0.24420531,76.90763052208835
1.265e-05,0.32374575,74.19678714859438
1.265e-05,0.42919343,72.28915662650603
1.265e-05,0.5689866,69.17670682730925
1.265e-05,0.75431201,66.76706827309236
1.265e-05,1.0,65.36144578313254
1.677e-05,1e-06,95.98393574297188
1.677e-05,1.33e-06,95.88353413654619
1.677e-05,1.76e-06,96.3855421686747
1.677e-05,2.33e-06,96.3855421686747
1.677e-05,3.09e-06,96.285140562249
1.677e-05,4.09e-06,96.4859437751004
1.677e-05,5.43e-06,96.3855421686747
1.677e-05,7.2e-06,96.18473895582329
1.677e-05,9.54e-06,96.285140562249
1.677e-05,1.265e-05,96.08433734939759
1.677e-05,1.677e-05,96.285140562249
1.677e-05,2.223e-05,96.5863453815261
1.677e-05,2.947e-05,96.4859437751004
1.677e-05,3.907e-05,96.285140562249
1.677e-05,5.179e-05,96.285140562249
1.677e-05,6.866e-05,96.285140562249
1.677e-05,9.103e-05,96.3855421686747
1.677e-05,0.00012068,96.4859437751004
1.677e-05,0.00015999,96.3855421686747
1.677e-05,0.0002121,96.285140562249
1.677e-05,0.00028118,96.4859437751004
1.677e-05,0.00037276,96.3855421686747
1.677e-05,0.00049417,96.3855421686747
1.677e-05,0.00065513,96.285140562249
1.677e-05,0.00086851,96.18473895582329
1.677e-05,0.0011514,96.08433734939759
1.677e-05,0.00152642,96.08433734939759
1.677e-05,0.00202359,95.78313253012048
1.677e-05,0.0026827,95.58232931726907
1.677e-05,0.00355648,95.28112449799197
1.677e-05,0.00471487,95.08032128514057
1.677e-05,0.00625055,94.57831325301204
1.677e-05,0.00828643,94.07630522088354
1.677e-05,0.01098541,93.37349397590361
1.677e-05,0.01456348,92.570281124498
1.677e-05,0.01930698,91.86746987951807
1.677e-05,0.02559548,90.76305220883533
1.677e-05,0.03393222,90.16064257028113
1.677e-05,0.04498433,88.95582329317268
1.677e-05,0.05963623,87.85140562248996
1.677e-05,0.07906043,86.34538152610442
1.677e-05,0.10481131,85.2409638554217
1.677e-05,0.13894955,83.43373493975903
1.677e-05,0.184207,81.32530120481928
1.677e-05,0.24420531,79.71887550200803
1.677e-05,0.32374575,78.21285140562249
1.677e-05,0.42919343,75.90361445783132
1.677e-05,0.5689866,73.39357429718876
1.677e-05,0.75431201,71.6867469879518
1.677e-05,1.0,67.9718875502008
2.223e-05,1e-06,96.5863453815261
2.223e-05,1.33e-06,96.78714859437751
2.223e-05,1.76e-06,96.6867469879518
2.223e-05,2.33e-06,96.98795180722891
2.223e-05,3.09e-06,96.78714859437751
2.223e-05,4.09e-06,96.78714859437751
2.223e-05,5.43e-06,96.8875502008032
2.223e-05,7.2e-06,96.78714859437751
2.223e-05,9.54e-06,96.78714859437751
2.223e-05,1.265e-05,96.78714859437751
2.223e-05,1.677e-05,96.78714859437751
2.223e-05,2.223e-05,96.78714859437751
2.223e-05,2.947e-05,96.6867469879518
2.223e-05,3.907e-05,96.78714859437751
2.223e-05,5.179e-05,96.8875502008032
2.223e-05,6.866e-05,96.8875502008032
2.223e-05,9.103e-05,96.98795180722891
2.223e-05,0.00012068,96.8875502008032
2.223e-05,0.00015999,96.8875502008032
2.223e-05,0.0002121,96.8875502008032
2.223e-05,0.00028118,96.8875502008032
2.223e-05,0.00037276,96.8875502008032
2.223e-05,0.00049417,96.8875502008032
2.223e-05,0.00065513,96.78714859437751
2.223e-05,0.00086851,96.5863453815261
2.223e-05,0.0011514,96.4859437751004
2.223e-05,0.00152642,96.285140562249
2.223e-05,0.00202359,96.285140562249
2.223e-05,0.0026827,96.08433734939759
2.223e-05,0.00355648,96.08433734939759
2.223e-05,0.00471487,95.68273092369478
2.223e-05,0.00625055,95.58232931726907
2.223e-05,0.00828643,95.08032128514057
2.223e-05,0.01098541,94.47791164658635
2.223e-05,0.01456348,93.87550200803213
2.223e-05,0.01930698,93.57429718875501
2.223e-05,0.02559548,92.7710843373494
2.223e-05,0.03393222,91.96787148594377
2.223e-05,0.04498433,91.06425702811245
2.223e-05,0.05963623,89.7590361445783
2.223e-05,0.07906043,89.2570281124498
2.223e-05,0.10481131,87.95180722891565
2.223e-05,0.13894955,86.14457831325302
2.223e-05,0.184207,84.93975903614458
2.223e-05,0.24420531,83.33333333333334
2.223e-05,0.32374575,80.92369477911646
2.223e-05,0.42919343,79.31726907630522
2.223e-05,0.5689866,77.81124497991968
2.223e-05,0.75431201,75.1004016064257
2.223e-05,1.0,72.79116465863453
2.947e-05,1e-06,97.08835341365462
2.947e-05,1.33e-06,97.08835341365462
2.947e-05,1.76e-06,97.08835341365462
2.947e-05,2.33e-06,96.98795180722891
2.947e-05,3.09e-06,96.98795180722891
2.947e-05,4.09e-06,97.08835341365462
2.947e-05,5.43e-06,97.18875502008032
2.947e-05,7.2e-06,97.08835341365462
2.947e-05,9.54e-06,96.98795180722891
2.947e-05,1.265e-05,97.08835341365462
2.947e-05,1.677e-05,97.08835341365462
2.947e-05,2.223e-05,97.08835341365462
2.947e-05,2.947e-05,97.18875502008032
2.947e-05,3.907e-05,96.98795180722891
2.947e-05,5.179e-05,97.08835341365462
2.947e-05,6.866e-05,97.08835341365462
2.947e-05,9.103e-05,97.08835341365462
2.947e-05,0.00012068,97.08835341365462
2.947e-05,0.00015999,97.08835341365462
2.947e-05,0.0002121,97.08835341365462
2.947e-05,0.00028118,97.18875502008032
2.947e-05,0.00037276,97.08835341365462
2.947e-05,0.00049417,96.98795180722891
2.947e-05,0.00065513,96.98795180722891
2.947e-05,0.00086851,96.98795180722891
2.947e-05,0.0011514,97.08835341365462
2.947e-05,0.00152642,97.08835341365462
2.947e-05,0.00202359,97.08835341365462
2.947e-05,0.0026827,96.78714859437751
2.947e-05,0.00355648,96.6867469879518
2.947e-05,0.00471487,96.3855421686747
2.947e-05,0.00625055,96.285140562249
2.947e-05,0.00828643,96.08433734939759
2.947e-05,0.01098541,95.58232931726907
2.947e-05,0.01456348,95.48192771084338
2.947e-05,0.01930698,94.37751004016064
2.947e-05,0.02559548,93.87550200803213
2.947e-05,0.03393222,93.67469879518072
2.947e-05,0.04498433,93.07228915662651
2.947e-05,0.05963623,92.06827309236948
2.947e-05,0.07906043,91.06425702811245
2.947e-05,0.10481131,89.65863453815261
2.947e-05,0.13894955,89.05622489959839
2.947e-05,0.184207,87.65060240963855
2.947e-05,0.24420531,86.14457831325302
2.947e-05,0.32374575,84.63855421686746
2.947e-05,0.42919343,82.93172690763052
2.947e-05,0.5689866,80.52208835341365
2.947e-05,0.75431201,79.31726907630522
2.947e-05,1.0,77.10843373493977
3.907e-05,1e-06,96.98795180722891
3.907e-05,1.33e-06,96.98795180722891
3.907e-05,1.76e-06,97.08835341365462
3.907e-05,2.33e-06,96.98795180722891
3.907e-05,3.09e-06,96.98795180722891
3.907e-05,4.09e-06,96.98795180722891
3.907e-05,5.43e-06,96.98795180722891
3.907e-05,7.2e-06,96.98795180722891
3.907e-05,9.54e-06,96.98795180722891
3.907e-05,1.265e-05,96.98795180722891
3.907e-05,1.677e-05,96.98795180722891
3.907e-05,2.223e-05,96.98795180722891
3.907e-05,2.947e-05,96.98795180722891
3.907e-05,3.907e-05,96.98795180722891
3.907e-05,5.179e-05,96.98795180722891
3.907e-05,6.866e-05,96.98795180722891
3.907e-05,9.103e-05,96.98795180722891
3.907e-05,0.00012068,96.98795180722891
3.907e-05,0.00015999,96.98795180722891
3.907e-05,0.0002121,96.98795180722891
3.907e-05,0.00028118,97.08835341365462
3.907e-05,0.00037276,97.18875502008032
3.907e-05,0.00049417,97.18875502008032
3.907e-05,0.00065513,97.18875502008032
3.907e-05,0.00086851,97.18875502008032
3.907e-05,0.0011514,97.28915662650603
3.907e-05,0.00152642,97.18875502008032
3.907e-05,0.00202359,97.08835341365462
3.907e-05,0.0026827,96.98795180722891
3.907e-05,0.00355648,97.08835341365462
3.907e-05,0.00471487,96.98795180722891
3.907e-05,0.00625055,96.78714859437751
3.907e-05,0.00828643,96.4859437751004
3.907e-05,0.01098541,96.3855421686747
3.907e-05,0.01456348,96.4859437751004
3.907e-05,0.01930698,95.88353413654619
3.907e-05,0.02559548,95.28112449799197
3.907e-05,0.03393222,94.67871485943775
3.907e-05,0.04498433,93.87550200803213
3.907e-05,0.05963623,93.67469879518072
3.907e-05,0.07906043,93.07228915662651
3.907e-05,0.10481131,92.16867469879519
3.907e-05,0.13894955,91.16465863453816
3.907e-05,0.184207,89.85943775100401
3.907e-05,0.24420531,88.95582329317268
3.907e-05,0.32374575,87.04819277108435
3.907e-05,0.42919343,85.8433734939759
3.907e-05,0.5689866,84.13654618473896
3.907e-05,0.75431201,82.2289156626506
3.907e-05,1.0,80.22088353413655
5.179e-05,1e-06,97.28915662650603
5.179e-05,1.33e-06,97.28915662650603
5.179e-05,1.76e-06,97.28915662650603
5.179e-05,2.33e-06,97.28915662650603
5.179e-05,3.09e-06,97.28915662650603
5.179e-05,4.09e-06,97.28915662650603
5.179e-05,5.43e-06,97.28915662650603
5.179e-05,7.2e-06,97.28915662650603
5.179e-05,9.54e-06,97.28915662650603
5.179e-05,1.265e-05,97.28915662650603
5.179e-05,1.677e-05,97.28915662650603
5.179e-05,2.223e-05,97.28915662650603
5.179e-05,2.947e-05,97.28915662650603
5.179e-05,3.907e-05,97.38955823293173
5.179e-05,5.179e-05,97.18875502008032
5.179e-05,6.866e-05,97.28915662650603
5.179e-05,9.103e-05,97.28915662650603
5.179e-05,0.00012068,97.28915662650603
5.179e-05,0.00015999,97.18875502008032
5.179e-05,0.0002121,97.18875502008032
5.179e-05,0.00028118,97.28915662650603
5.179e-05,0.00037276,97.28915662650603
5.179e-05,0.00049417,97.28915662650603
5.179e-05,0.00065513,97.28915662650603
5.179e-05,0.00086851,97.38955823293173
5.179e-05,0.0011514,97.38955823293173
5.179e-05,0.00152642,97.38955823293173
5.179e-05,0.00202359,97.28915662650603
5.179e-05,0.0026827,97.08835341365462
5.179e-05,0.00355648,96.98795180722891
5.179e-05,0.00471487,97.08835341365462
5.179e-05,0.00625055,97.08835341365462
5.179e-05,0.00828643,96.98795180722891
5.179e-05,0.01098541,96.98795180722891
5.179e-05,0.01456348,96.6867469879518
5.179e-05,0.01930698,96.78714859437751
5.179e-05,0.02559548,96.4859437751004
5.179e-05,0.03393222,96.08433734939759
5.179e-05,0.04498433,95.38152610441767
5.179e-05,0.05963623,94.77911646586345
5.179e-05,0.07906043,93.97590361445783
5.179e-05,0.10481131,93.57429718875501
5.179e-05,0.13894955,92.9718875502008
5.179e-05,0.184207,91.86746987951807
5.179e-05,0.24420531,91.26506024096386
5.179e-05,0.32374575,89.85943775100401
5.179e-05,0.42919343,88.65461847389558
5.179e-05,0.5689866,86.64658634538152
5.179e-05,0.75431201,85.34136546184739
5.179e-05,1.0,83.83534136546184
6.866e-05,1e-06,97.59036144578313
6.866e-05,1.33e-06,97.59036144578313
6.866e-05,1.76e-06,97.59036144578313
6.866e-05,2.33e-06,97.59036144578313
6.866e-05,3.09e-06,97.59036144578313
6.866e-05,4.09e-06,97.59036144578313
6.866e-05,5.43e-06,97.59036144578313
6.866e-05,7.2e-06,97.59036144578313
6.866e-05,9.54e-06,97.59036144578313
6.866e-05,1.265e-05,97.59036144578313
6.866e-05,1.677e-05,97.59036144578313
6.866e-05,2.223e-05,97.59036144578313
6.866e-05,2.947e-05,97.59036144578313
6.866e-05,3.907e-05,97.59036144578313
6.866e-05,5.179e-05,97.59036144578313
6.866e-05,6.866e-05,97.59036144578313
6.866e-05,9.103e-05,97.59036144578313
6.866e-05,0.00012068,97.69076305220884
6.866e-05,0.00015999,97.69076305220884
6.866e-05,0.0002121,97.69076305220884
6.866e-05,0.00028118,97.69076305220884
6.866e-05,0.00037276,97.59036144578313
6.866e-05,0.00049417,97.59036144578313
6.866e-05,0.00065513,97.59036144578313
6.866e-05,0.00086851,97.48995983935743
6.866e-05,0.0011514,97.48995983935743
6.866e-05,0.00152642,97.38955823293173
6.866e-05,0.00202359,97.38955823293173
6.866e-05,0.0026827,97.38955823293173
6.866e-05,0.00355648,97.38955823293173
6.866e-05,0.00471487,97.28915662650603
6.866e-05,0.00625055,97.28915662650603
6.866e-05,0.00828643,97.18875502008032
6.866e-05,0.01098541,97.28915662650603
6.866e-05,0.01456348,97.28915662650603
6.866e-05,0.01930698,97.28915662650603
6.866e-05,0.02559548,96.98795180722891
6.866e-05,0.03393222,97.08835341365462
6.866e-05,0.04498433,96.5863453815261
6.866e-05,0.05963623,95.98393574297188
6.866e-05,0.07906043,95.58232931726907
6.866e-05,0.10481131,94.57831325301204
6.866e-05,0.13894955,93.77510040160642
6.866e-05,0.184207,93.57429718875501
6.866e-05,0.24420531,92.8714859437751
6.866e-05,0.32374575,91.66666666666666
6.866e-05,0.42919343,91.16465863453816
6.866e-05,0.5689866,89.65863453815261
6.866e-05,0.75431201,88.05220883534136
6.866e-05,1.0,86.74698795180723
9.103e-05,1e-06,97.79116465863453
9.103e-05,1.33e-06,97.79116465863453
9.103e-05,1.76e-06,97.79116465863453
9.103e-05,2.33e-06,97.79116465863453
9.103e-05,3.09e-06,97.79116465863453
9.103e-05,4.09e-06,97.79116465863453
9.103e-05,5.43e-06,97.79116465863453
9.103e-05,7.2e-06,97.79116465863453
9.103e-05,9.54e-06,97.79116465863453
9.103e-05,1.265e-05,97.79116465863453
9.103e-05,1.677e-05,97.79116465863453
9.103e-05,2.223e-05,97.79116465863453
9.103e-05,2.947e-05,97.79116465863453
9.103e-05,3.907e-05,97.79116465863453
9.103e-05,5.179e-05,97.79116465863453
9.103e-05,6.866e-05,97.79116465863453
9.103e-05,9.103e-05,97.79116465863453
9.103e-05,0.00012068,97.79116465863453
9.103e-05,0.00015999,97.79116465863453
9.103e-05,0.0002121,97.79116465863453
9.103e-05,0.00028118,97.79116465863453
9.103e-05,0.00037276,97.89156626506023
9.103e-05,0.00049417,97.89156626506023
9.103e-05,0.00065513,97.89156626506023
9.103e-05,0.00086851,97.79116465863453
9.103e-05,0.0011514,97.79116465863453
9.103e-05,0.00152642,97.69076305220884
9.103e-05,0.00202359,97.69076305220884
9.103e-05,0.0026827,97.69076305220884
9.103e-05,0.00355648,97.69076305220884
9.103e-05,0.00471487,97.69076305220884
9.103e-05,0.00625055,97.59036144578313
9.103e-05,0.00828643,97.59036144578313
9.103e-05,0.01098541,97.59036144578313
9.103e-05,0.01456348,97.48995983935743
9.103e-05,0.01930698,97.38955823293173
9.103e-05,0.02559548,97.38955823293173
9.103e-05,0.03393222,97.48995983935743
9.103e-05,0.04498433,97.38955823293173
9.103e-05,0.05963623,96.8875502008032
9.103e-05,0.07906043,96.4859437751004
9.103e-05,0.10481131,95.88353413654619
9.103e-05,0.13894955,95.58232931726907
9.103e-05,0.184207,94.77911646586345
9.103e-05,0.24420531,94.07630522088354
9.103e-05,0.32374575,93.37349397590361
9.103e-05,0.42919343,92.16867469879519
9.103e-05,0.5689866,91.36546184738957
9.103e-05,0.75431201,90.66265060240963
9.103e-05,1.0,88.65461847389558
0.00012068,1e-06,97.89156626506023
0.00012068,1.33e-06,97.89156626506023
0.00012068,1.76e-06,97.89156626506023
0.00012068,2.33e-06,97.89156626506023
0.00012068,3.09e-06,97.89156626506023
0.00012068,4.09e-06,97.89156626506023
0.00012068,5.43e-06,97.89156626506023
0.00012068,7.2e-06,97.89156626506023
0.00012068,9.54e-06,97.89156626506023
0.00012068,1.265e-05,97.89156626506023
0.00012068,1.677e-05,97.89156626506023
0.00012068,2.223e-05,97.89156626506023
0.00012068,2.947e-05,97.89156626506023
0.00012068,3.907e-05,97.99196787148594
0.00012068,5.179e-05,97.89156626506023
0.00012068,6.866e-05,97.99196787148594
0.00012068,9.103e-05,97.99196787148594
0.00012068,0.00012068,97.99196787148594
0.00012068,0.00015999,97.99196787148594
0.00012068,0.0002121,97.99196787148594
0.00012068,0.00028118,97.99196787148594
0.00012068,0.00037276,97.99196787148594
0.00012068,0.00049417,97.99196787148594
0.00012068,0.00065513,97.99196787148594
0.00012068,0.00086851,97.99196787148594
0.00012068,0.0011514,97.99196787148594
0.00012068,0.00152642,97.99196787148594
0.00012068,0.00202359,97.99196787148594
0.00012068,0.0026827,97.99196787148594
0.00012068,0.00355648,97.89156626506023
0.00012068,0.00471487,97.89156626506023
0.00012068,0.00625055,97.89156626506023
0.00012068,0.00828643,97.79116465863453
0.00012068,0.01098541,97.69076305220884
0.00012068,0.01456348,97.69076305220884
0.00012068,0.01930698,97.59036144578313
0.00012068,0.02559548,97.59036144578313
0.00012068,0.03393222,97.38955823293173
0.00012068,0.04498433,97.59036144578313
0.00012068,0.05963623,97.38955823293173
0.00012068,0.07906043,97.08835341365462
0.00012068,0.10481131,96.78714859437751
0.00012068,0.13894955,96.3855421686747
0.00012068,0.184207,96.08433734939759
0.00012068,0.24420531,95.38152610441767
0.00012068,0.32374575,94.47791164658635
0.00012068,0.42919343,93.87550200803213
0.00012068,0.5689866,93.17269076305222
0.00012068,0.75431201,91.96787148594377
0.00012068,1.0,91.26506024096386
0.00015999,1e-06,97.89156626506023
0.00015999,1.33e-06,97.89156626506023
0.00015999,1.76e-06,97.89156626506023
0.00015999,2.33e-06,97.89156626506023
0.00015999,3.09e-06,97.89156626506023
0.00015999,4.09e-06,97.89156626506023
0.00015999,5.43e-06,97.89156626506023
0.00015999,7.2e-06,97.89156626506023
0.00015999,9.54e-06,97.89156626506023
0.00015999,1.265e-05,97.89156626506023
0.00015999,1.677e-05,97.89156626506023
0.00015999,2.223e-05,97.89156626506023
0.00015999,2.947e-05,97.89156626506023
0.00015999,3.907e-05,97.89156626506023
0.00015999,5.179e-05,97.89156626506023
0.00015999,6.866e-05,97.89156626506023
0.00015999,9.103e-05,97.89156626506023
0.00015999,0.00012068,97.89156626506023
0.00015999,0.00015999,97.89156626506023
0.00015999,0.0002121,97.89156626506023
0.00015999,0.00028118,97.89156626506023
0.00015999,0.00037276,97.89156626506023
0.00015999,0.00049417,97.89156626506023
0.00015999,0.00065513,97.99196787148594
0.00015999,0.00086851,97.99196787148594
0.00015999,0.0011514,97.99196787148594
0.00015999,0.00152642,97.99196787148594
0.00015999,0.00202359,97.99196787148594
0.00015999,0.0026827,97.99196787148594
0.00015999,0.00355648,97.99196787148594
0.00015999,0.00471487,97.99196787148594
0.00015999,0.00625055,97.99196787148594
0.00015999,0.00828643,97.99196787148594
0.00015999,0.01098541,97.89156626506023
0.00015999,0.01456348,97.79116465863453
0.00015999,0.01930698,97.69076305220884
0.00015999,0.02559548,97.69076305220884
0.00015999,0.03393222,97.79116465863453
0.00015999,0.04498433,97.79116465863453
0.00015999,0.05963623,97.59036144578313
0.00015999,0.07906043,97.38955823293173
0.00015999,0.10481131,97.08835341365462
0.00015999,0.13894955,96.8875502008032
0.00015999,0.184207,96.285140562249
0.00015999,0.24420531,96.285140562249
0.00015999,0.32374575,95.78313253012048
0.00015999,0.42919343,95.28112449799197
0.00015999,0.5689866,94.47791164658635
0.00015999,0.75431201,93.47389558232932
0.00015999,1.0,92.3694779116466
0.0002121,1e-06,97.99196787148594
0.0002121,1.33e-06,97.99196787148594
0.0002121,1.76e-06,97.99196787148594
0.0002121,2.33e-06,97.99196787148594
0.0002121,3.09e-06,97.99196787148594
0.0002121,4.09e-06,97.99196787148594
0.0002121,5.43e-06,97.99196787148594
0.0002121,7.2e-06,97.99196787148594
0.0002121,9.54e-06,97.99196787148594
0.0002121,1.265e-05,97.99196787148594
0.0002121,1.677e-05,97.99196787148594
0.0002121,2.223e-05,97.99196787148594
0.0002121,2.947e-05,97.99196787148594
0.0002121,3.907e-05,97.99196787148594
0.0002121,5.179e-05,97.99196787148594
0.0002121,6.866e-05,97.99196787148594
0.0002121,9.103e-05,97.99196787148594
0.0002121,0.00012068,97.99196787148594
0.0002121,0.00015999,97.99196787148594
0.0002121,0.0002121,97.99196787148594
0.0002121,0.00028118,97.99196787148594
0.0002121,0.00037276,97.99196787148594
0.0002121,0.00049417,97.99196787148594
0.0002121,0.00065513,97.99196787148594
0.0002121,0.00086851,97.99196787148594
0.0002121,0.0011514,97.99196787148594
0.0002121,0.00152642,97.99196787148594
0.0002121,0.00202359,97.99196787148594
0.0002121,0.0026827,98.09236947791165
0.0002121,0.00355648,98.09236947791165
0.0002121,0.00471487,98.09236947791165
0.0002121,0.00625055,98.09236947791165
0.0002121,0.00828643,98.09236947791165
0.0002121,0.01098541,98.09236947791165
0.0002121,0.01456348,98.09236947791165
0.0002121,0.01930698,97.89156626506023
0.0002121,0.02559548,97.89156626506023
0.0002121,0.03393222,97.79116465863453
0.0002121,0.04498433,97.69076305220884
0.0002121,0.05963623,97.69076305220884
0.0002121,0.07906043,97.69076305220884
0.0002121,0.10481131,97.38955823293173
0.0002121,0.13894955,97.18875502008032
0.0002121,0.184207,96.78714859437751
0.0002121,0.24420531,96.3855421686747
0.0002121,0.32374575,96.285140562249
0.0002121,0.42919343,95.88353413654619
0.0002121,0.5689866,95.58232931726907
0.0002121,0.75431201,94.67871485943775
0.0002121,1.0,93.57429718875501
0.00028118,1e-06,98.09236947791165
0.00028118,1.33e-06,98.09236947791165
0.00028118,1.76e-06,98.09236947791165
0.00028118,2.33e-06,98.09236947791165
0.00028118,3.09e-06,98.09236947791165
0.00028118,4.09e-06,98.09236947791165
0.00028118,5.43e-06,98.09236947791165
0.00028118,7.2e-06,98.09236947791165
0.00028118,9.54e-06,98.09236947791165
0.00028118,1.265e-05,98.09236947791165
0.00028118,1.677e-05,98.09236947791165
0.00028118,2.223e-05,98.09236947791165
0.00028118,2.947e-05,98.09236947791165
0.00028118,3.907e-05,98.09236947791165
0.00028118,5.179e-05,98.09236947791165
0.00028118,6.866e-05,98.09236947791165
0.00028118,9.103e-05,98.09236947791165
0.00028118,0.00012068,98.09236947791165
0.00028118,0.00015999,97.99196787148594
0.00028118,0.0002121,97.99196787148594
0.00028118,0.00028118,97.99196787148594
0.00028118,0.00037276,97.99196787148594
0.00028118,0.00049417,97.99196787148594
0.00028118,0.00065513,97.99196787148594
0.00028118,0.00086851,97.99196787148594
0.00028118,0.0011514,97.99196787148594
0.00028118,0.00152642,97.99196787148594
0.00028118,0.00202359,97.99196787148594
0.00028118,0.0026827,97.99196787148594
0.00028118,0.00355648,98.09236947791165
0.00028118,0.00471487,98.09236947791165
0.00028118,0.00625055,98.19277108433735
0.00028118,0.00828643,98.19277108433735
0.00028118,0.01098541,98.19277108433735
0.00028118,0.01456348,98.19277108433735
0.00028118,0.01930698,98.19277108433735
0.00028118,0.02559548,97.99196787148594
0.00028118,0.03393222,97.99196787148594
0.00028118,0.04498433,97.89156626506023
0.00028118,0.05963623,97.89156626506023
0.00028118,0.07906043,97.89156626506023
0.00028118,0.10481131,97.59036144578313
0.00028118,0.13894955,97.38955823293173
0.00028118,0.184207,97.28915662650603
0.00028118,0.24420531,96.8875502008032
0.00028118,0.32374575,96.5863453815261
0.00028118,0.42919343,96.18473895582329
0.00028118,0.5689866,95.98393574297188
0.00028118,0.75431201,95.68273092369478
0.00028118,1.0,95.18072289156626
0.00037276,1e-06,98.09236947791165
0.00037276,1.33e-06,98.09236947791165
0.00037276,1.76e-06,98.09236947791165
0.00037276,2.33e-06,98.09236947791165
0.00037276,3.09e-06,98.09236947791165
0.00037276,4.09e-06,98.09236947791165
0.00037276,5.43e-06,98.09236947791165
0.00037276,7.2e-06,98.09236947791165
0.00037276,9.54e-06,98.09236947791165
0.00037276,1.265e-05,98.09236947791165
0.00037276,1.677e-05,98.09236947791165
0.00037276,2.223e-05,98.09236947791165
0.00037276,2.947e-05,98.09236947791165
0.00037276,3.907e-05,98.09236947791165
0.00037276,5.179e-05,98.09236947791165
0.00037276,6.866e-05,98.09236947791165
0.00037276,9.103e-05,98.09236947791165
0.00037276,0.00012068,98.09236947791165
0.00037276,0.00015999,98.09236947791165
0.00037276,0.0002121,98.09236947791165
0.00037276,0.00028118,98.09236947791165
0.00037276,0.00037276,98.09236947791165
0.00037276,0.00049417,98.09236947791165
0.00037276,0.00065513,98.09236947791165
0.00037276,0.00086851,98.09236947791165
0.00037276,0.0011514,98.09236947791165
0.00037276,0.00152642,98.09236947791165
0.00037276,0.00202359,98.09236947791165
0.00037276,0.0026827,98.09236947791165
0.00037276,0.00355648,98.09236947791165
0.00037276,0.00471487,98.09236947791165
0.00037276,0.00625055,98.09236947791165
0.00037276,0.00828643,98.19277108433735
0.00037276,0.01098541,98.09236947791165
0.00037276,0.01456348,98.09236947791165
0.00037276,0.01930698,98.09236947791165
0.00037276,0.02559548,97.99196787148594
0.00037276,0.03393222,97.89156626506023
0.00037276,0.04498433,97.79116465863453
0.00037276,0.05963623,97.79116465863453
0.00037276,0.07906043,97.69076305220884
0.00037276,0.10481131,97.69076305220884
0.00037276,0.13894955,97.69076305220884
0.00037276,0.184207,97.59036144578313
0.00037276,0.24420531,97.08835341365462
0.00037276,0.32374575,96.8875502008032
0.00037276,0.42919343,96.5863453815261
0.00037276,0.5689866,96.18473895582329
0.00037276,0.75431201,96.08433734939759
0.00037276,1.0,95.78313253012048
0.00049417,1e-06,98.09236947791165
0.00049417,1.33e-06,98.09236947791165
0.00049417,1.76e-06,98.09236947791165
0.00049417,2.33e-06,98.09236947791165
0.00049417,3.09e-06,98.09236947791165
0.00049417,4.09e-06,98.09236947791165
0.00049417,5.43e-06,98.09236947791165
0.00049417,7.2e-06,98.09236947791165
0.00049417,9.54e-06,98.09236947791165
0.00049417,1.265e-05,98.09236947791165
0.00049417,1.677e-05,98.09236947791165
0.00049417,2.223e-05,98.09236947791165
0.00049417,2.947e-05,98.09236947791165
0.00049417,3.907e-05,98.09236947791165
0.00049417,5.179e-05,98.09236947791165
0.00049417,6.866e-05,98.09236947791165
0.00049417,9.103e-05,98.09236947791165
0.00049417,0.00012068,98.09236947791165
0.00049417,0.00015999,98.09236947791165
0.00049417,0.0002121,98.09236947791165
0.00049417,0.00028118,98.09236947791165
0.00049417,0.00037276,98.09236947791165
0.00049417,0.00049417,98.09236947791165
0.00049417,0.00065513,98.09236947791165
0.00049417,0.00086851,98.09236947791165
0.00049417,0.0011514,98.09236947791165
0.00049417,0.00152642,98.09236947791165
0.00049417,0.00202359,98.09236947791165
0.00049417,0.0026827,98.09236947791165
0.00049417,0.00355648,98.09236947791165
0.00049417,0.00471487,98.09236947791165
0.00049417,0.00625055,98.09236947791165
0.00049417,0.00828643,98.09236947791165
0.00049417,0.01098541,98.09236947791165
0.00049417,0.01456348,98.09236947791165
0.00049417,0.01930698,98.09236947791165
0.00049417,0.02559548,97.99196787148594
0.00049417,0.03393222,97.89156626506023
0.00049417,0.04498433,97.79116465863453
0.00049417,0.05963623,97.79116465863453
0.00049417,0.07906043,97.79116465863453
0.00049417,0.10481131,97.79116465863453
0.00049417,0.13894955,97.59036144578313
0.00049417,0.184207,97.59036144578313
0.00049417,0.24420531,97.38955823293173
0.00049417,0.32374575,97.28915662650603
0.00049417,0.42919343,96.6867469879518
0.00049417,0.5689866,96.4859437751004
0.00049417,0.75431201,96.18473895582329
0.00049417,1.0,95.98393574297188
0.00065513,1e-06,98.09236947791165
0.00065513,1.33e-06,98.09236947791165
0.00065513,1.76e-06,98.09236947791165
0.00065513,2.33e-06,98.09236947791165
0.00065513,3.09e-06,98.09236947791165
0.00065513,4.09e-06,98.09236947791165
0.00065513,5.43e-06,98.09236947791165
0.00065513,7.2e-06,98.09236947791165
0.00065513,9.54e-06,98.09236947791165
0.00065513,1.265e-05,98.09236947791165
0.00065513,1.677e-05,98.09236947791165
0.00065513,2.223e-05,98.09236947791165
0.00065513,2.947e-05,98.09236947791165
0.00065513,3.907e-05,98.09236947791165
0.00065513,5.179e-05,98.09236947791165
0.00065513,6.866e-05,98.09236947791165
0.00065513,9.103e-05,98.09236947791165
0.00065513,0.00012068,98.09236947791165
0.00065513,0.00015999,98.09236947791165
0.00065513,0.0002121,98.09236947791165
0.00065513,0.00028118,98.09236947791165
0.00065513,0.00037276,98.09236947791165
0.00065513,0.00049417,98.09236947791165
0.00065513,0.00065513,98.09236947791165
0.00065513,0.00086851,98.09236947791165
0.00065513,0.0011514,98.09236947791165
0.00065513,0.00152642,98.09236947791165
0.00065513,0.00202359,98.09236947791165
0.00065513,0.0026827,98.09236947791165
0.00065513,0.00355648,98.09236947791165
0.00065513,0.00471487,98.09236947791165
0.00065513,0.00625055,98.09236947791165
0.00065513,0.00828643,98.09236947791165
0.00065513,0.01098541,97.99196787148594
0.00065513,0.01456348,97.89156626506023
0.00065513,0.01930698,97.89156626506023
0.00065513,0.02559548,97.89156626506023
0.00065513,0.03393222,97.79116465863453
0.00065513,0.04498433,97.79116465863453
0.00065513,0.05963623,97.79116465863453
0.00065513,0.07906043,97.79116465863453
0.00065513,0.10481131,97.79116465863453
0.00065513,0.13894955,97.69076305220884
0.00065513,0.184207,97.69076305220884
0.00065513,0.24420531,97.48995983935743
0.00065513,0.32374575,97.28915662650603
0.00065513,0.42919343,97.08835341365462
0.00065513,0.5689866,96.78714859437751
0.00065513,0.75431201,96.4859437751004
0.00065513,1.0,96.3855421686747
0.00086851,1e-06,97.89156626506023
0.00086851,1.33e-06,97.89156626506023
0.00086851,1.76e-06,97.89156626506023
0.00086851,2.33e-06,97.89156626506023
0.00086851,3.09e-06,97.89156626506023
0.00086851,4.09e-06,97.89156626506023
0.00086851,5.43e-06,97.89156626506023
0.00086851,7.2e-06,97.89156626506023
0.00086851,9.54e-06,97.89156626506023
0.00086851,1.265e-05,97.89156626506023
0.00086851,1.677e-05,97.89156626506023
0.00086851,2.223e-05,97.89156626506023
0.00086851,2.947e-05,97.89156626506023
0.00086851,3.907e-05,97.89156626506023
0.00086851,5.179e-05,97.89156626506023
0.00086851,6.866e-05,97.89156626506023
0.00086851,9.103e-05,97.89156626506023
0.00086851,0.00012068,97.89156626506023
0.00086851,0.00015999,97.89156626506023
0.00086851,0.0002121,97.89156626506023
0.00086851,0.00028118,97.89156626506023
0.00086851,0.00037276,97.89156626506023
0.00086851,0.00049417,97.89156626506023
0.00086851,0.00065513,97.89156626506023
0.00086851,0.00086851,97.89156626506023
0.00086851,0.0011514,97.89156626506023
0.00086851,0.00152642,97.89156626506023
0.00086851,0.00202359,97.89156626506023
0.00086851,0.0026827,97.89156626506023
0.00086851,0.00355648,97.89156626506023
0.00086851,0.00471487,97.89156626506023
0.00086851,0.00625055,97.89156626506023
0.00086851,0.00828643,97.89156626506023
0.00086851,0.01098541,97.89156626506023
0.00086851,0.01456348,97.89156626506023
0.00086851,0.01930698,97.89156626506023
0.00086851,0.02559548,97.79116465863453
0.00086851,0.03393222,97.79116465863453
0.00086851,0.04498433,97.79116465863453
0.00086851,0.05963623,97.79116465863453
0.00086851,0.07906043,97.79116465863453
0.00086851,0.10481131,97.79116465863453
0.00086851,0.13894955,97.79116465863453
0.00086851,0.184207,97.59036144578313
0.00086851,0.24420531,97.59036144578313
0.00086851,0.32374575,97.38955823293173
0.00086851,0.42919343,97.08835341365462
0.00086851,0.5689866,96.98795180722891
0.00086851,0.75431201,96.8875502008032
0.00086851,1.0,96.5863453815261
0.0011514,1e-06,97.79116465863453
0.0011514,1.33e-06,97.79116465863453
0.0011514,1.76e-06,97.79116465863453
0.0011514,2.33e-06,97.79116465863453
0.0011514,3.09e-06,97.79116465863453
0.0011514,4.09e-06,97.79116465863453
0.0011514,5.43e-06,97.79116465863453
0.0011514,7.2e-06,97.79116465863453
0.0011514,9.54e-06,97.79116465863453
0.0011514,1.265e-05,97.79116465863453
0.0011514,1.677e-05,97.79116465863453
0.0011514,2.223e-05,97.79116465863453
0.0011514,2.947e-05,97.79116465863453
0.0011514,3.907e-05,97.79116465863453
0.0011514,5.179e-05,97.79116465863453
0.0011514,6.866e-05,97.79116465863453
0.0011514,9.103e-05,97.79116465863453
0.0011514,0.00012068,97.79116465863453
0.0011514,0.00015999,97.79116465863453
0.0011514,0.0002121,97.79116465863453
0.0011514,0.00028118,97.79116465863453
0.0011514,0.00037276,97.79116465863453
0.0011514,0.00049417,97.79116465863453
0.0011514,0.00065513,97.79116465863453
0.0011514,0.00086851,97.79116465863453
0.0011514,0.0011514,97.79116465863453
0.0011514,0.00152642,97.79116465863453
0.0011514,0.00202359,97.79116465863453
0.0011514,0.0026827,97.79116465863453
0.0011514,0.00355648,97.79116465863453
0.0011514,0.00471487,97.79116465863453
0.0011514,0.00625055,97.79116465863453
0.0011514,0.00828643,97.79116465863453
0.0011514,0.01098541,97.79116465863453
0.0011514,0.01456348,97.79116465863453
0.0011514,0.01930698,97.79116465863453
0.0011514,0.02559548,97.79116465863453
0.0011514,0.03393222,97.79116465863453
0.0011514,0.04498433,97.79116465863453
0.0011514,0.05963623,97.79116465863453
0.0011514,0.07906043,97.48995983935743
0.0011514,0.10481131,97.48995983935743
0.0011514,0.13894955,97.48995983935743
0.0011514,0.184207,97.38955823293173
0.0011514,0.24420531,97.38955823293173
0.0011514,0.32374575,97.38955823293173
0.0011514,0.42919343,97.38955823293173
0.0011514,0.5689866,96.98795180722891
0.0011514,0.75431201,96.8875502008032
0.0011514,1.0,96.78714859437751
0.00152642,1e-06,97.38955823293173
0.00152642,1.33e-06,97.38955823293173
0.00152642,1.76e-06,97.38955823293173
0.00152642,2.33e-06,97.38955823293173
0.00152642,3.09e-06,97.38955823293173
0.00152642,4.09e-06,97.38955823293173
0.00152642,5.43e-06,97.38955823293173
0.00152642,7.2e-06,97.38955823293173
0.00152642,9.54e-06,97.38955823293173
0.00152642,1.265e-05,97.38955823293173
0.00152642,1.677e-05,97.38955823293173
0.00152642,2.223e-05,97.38955823293173
0.00152642,2.947e-05,97.38955823293173
0.00152642,3.907e-05,97.38955823293173
0.00152642,5.179e-05,97.38955823293173
0.00152642,6.866e-05,97.38955823293173
0.00152642,9.103e-05,97.38955823293173
0.00152642,0.00012068,97.38955823293173
0.00152642,0.00015999,97.38955823293173
0.00152642,0.0002121,97.38955823293173
0.00152642,0.00028118,97.38955823293173
0.00152642,0.00037276,97.38955823293173
0.00152642,0.00049417,97.38955823293173
0.00152642,0.00065513,97.38955823293173
0.00152642,0.00086851,97.38955823293173
0.00152642,0.0011514,97.38955823293173
0.00152642,0.00152642,97.38955823293173
0.00152642,0.00202359,97.38955823293173
0.00152642,0.0026827,97.38955823293173
0.00152642,0.00355648,97.38955823293173
0.00152642,0.00471487,97.38955823293173
0.00152642,0.00625055,97.38955823293173
0.00152642,0.00828643,97.38955823293173
0.00152642,0.01098541,97.38955823293173
0.00152642,0.01456348,97.38955823293173
0.00152642,0.01930698,97.38955823293173
0.00152642,0.02559548,97.38955823293173
0.00152642,0.03393222,97.38955823293173
0.00152642,0.04498433,97.38955823293173
0.00152642,0.05963623,97.38955823293173
0.00152642,0.07906043,97.38955823293173
0.00152642,0.10481131,97.28915662650603
0.00152642,0.13894955,97.38955823293173
0.00152642,0.184207,97.38955823293173
0.00152642,0.24420531,97.38955823293173
0.00152642,0.32374575,97.38955823293173
0.00152642,0.42919343,97.28915662650603
0.00152642,0.5689866,97.18875502008032
0.00152642,0.75431201,96.6867469879518
0.00152642,1.0,96.6867469879518
0.00202359,1e-06,97.18875502008032
0.00202359,1.33e-06,97.18875502008032
0.00202359,1.76e-06,97.18875502008032
0.00202359,2.33e-06,97.18875502008032
0.00202359,3.09e-06,97.18875502008032
0.00202359,4.09e-06,97.18875502008032
0.00202359,5.43e-06,97.18875502008032
0.00202359,7.2e-06,97.18875502008032
0.00202359,9.54e-06,97.18875502008032
0.00202359,1.265e-05,97.18875502008032
0.00202359,1.677e-05,97.18875502008032
0.00202359,2.223e-05,97.18875502008032
0.00202359,2.947e-05,97.18875502008032
0.00202359,3.907e-05,97.18875502008032
0.00202359,5.179e-05,97.18875502008032
0.00202359,6.866e-05,97.18875502008032
0.00202359,9.103e-05,97.18875502008032
0.00202359,0.00012068,97.18875502008032
0.00202359,0.00015999,97.18875502008032
0.00202359,0.0002121,97.18875502008032
0.00202359,0.00028118,97.18875502008032
0.00202359,0.00037276,97.18875502008032
0.00202359,0.00049417,97.18875502008032
0.00202359,0.00065513,97.18875502008032
0.00202359,0.00086851,97.18875502008032
0.00202359,0.0011514,97.18875502008032
0.00202359,0.00152642,97.18875502008032
0.00202359,0.00202359,97.18875502008032
0.00202359,0.0026827,97.18875502008032
0.00202359,0.00355648,97.18875502008032
0.00202359,0.00471487,97.18875502008032
0.00202359,0.00625055,97.18875502008032
0.00202359,0.00828643,97.18875502008032
0.00202359,0.01098541,97.18875502008032
0.00202359,0.01456348,97.18875502008032
0.00202359,0.01930698,97.18875502008032
0.00202359,0.02559548,97.18875502008032
0.00202359,0.03393222,97.18875502008032
0.00202359,0.04498433,97.18875502008032
0.00202359,0.05963623,97.18875502008032
0.00202359,0.07906043,97.18875502008032
0.00202359,0.10481131,97.18875502008032
0.00202359,0.13894955,97.18875502008032
0.00202359,0.184207,97.18875502008032
0.00202359,0.24420531,97.18875502008032
0.00202359,0.32374575,96.98795180722891
0.00202359,0.42919343,96.78714859437751
0.00202359,0.5689866,96.3855421686747
0.00202359,0.75431201,96.18473895582329
0.00202359,1.0,95.78313253012048
0.0026827,1e-06,96.5863453815261
0.0026827,1.33e-06,96.5863453815261
0.0026827,1.76e-06,96.5863453815261
0.0026827,2.33e-06,96.5863453815261
0.0026827,3.09e-06,96.5863453815261
0.0026827,4.09e-06,96.5863453815261
0.0026827,5.43e-06,96.5863453815261
0.0026827,7.2e-06,96.5863453815261
0.0026827,9.54e-06,96.5863453815261
0.0026827,1.265e-05,96.5863453815261
0.0026827,1.677e-05,96.5863453815261
0.0026827,2.223e-05,96.5863453815261
0.0026827,2.947e-05,96.5863453815261
0.0026827,3.907e-05,96.5863453815261
0.0026827,5.179e-05,96.5863453815261
0.0026827,6.866e-05,96.5863453815261
0.0026827,9.103e-05,96.5863453815261
0.0026827,0.00012068,96.5863453815261
0.0026827,0.00015999,96.5863453815261
0.0026827,0.0002121,96.5863453815261
0.0026827,0.00028118,96.5863453815261
0.0026827,0.00037276,96.5863453815261
0.0026827,0.00049417,96.5863453815261
0.0026827,0.00065513,96.5863453815261
0.0026827,0.00086851,96.5863453815261
0.0026827,0.0011514,96.5863453815261
0.0026827,0.00152642,96.5863453815261
0.0026827,0.00202359,96.5863453815261
0.0026827,0.0026827,96.5863453815261
0.0026827,0.00355648,96.5863453815261
0.0026827,0.00471487,96.5863453815261
0.0026827,0.00625055,96.5863453815261
0.0026827,0.00828643,96.5863453815261
0.0026827,0.01098541,96.5863453815261
0.0026827,0.01456348,96.5863453815261
0.0026827,0.01930698,96.5863453815261
0.0026827,0.02559548,96.5863453815261
0.0026827,0.03393222,96.5863453815261
0.0026827,0.04498433,96.5863453815261
0.0026827,0.05963623,96.6867469879518
0.0026827,0.07906043,96.6867469879518
0.0026827,0.10481131,96.6867469879518
0.0026827,0.13894955,96.6867469879518
0.0026827,0.184207,96.5863453815261
0.0026827,0.24420531,96.3855421686747
0.0026827,0.32374575,96.3855421686747
0.0026827,0.42919343,96.18473895582329
0.0026827,0.5689866,96.08433734939759
0.0026827,0.75431201,95.88353413654619
0.0026827,1.0,95.48192771084338
0.00355648,1e-06,96.18473895582329
0.00355648,1.33e-06,96.18473895582329
0.00355648,1.76e-06,96.18473895582329
0.00355648,2.33e-06,96.18473895582329
0.00355648,3.09e-06,96.18473895582329
0.00355648,4.09e-06,96.18473895582329
0.00355648,5.43e-06,96.18473895582329
0.00355648,7.2e-06,96.18473895582329
0.00355648,9.54e-06,96.18473895582329
0.00355648,1.265e-05,96.18473895582329
0.00355648,1.677e-05,96.18473895582329
0.00355648,2.223e-05,96.18473895582329
0.00355648,2.947e-05,96.18473895582329
0.00355648,3.907e-05,96.18473895582329
0.00355648,5.179e-05,96.18473895582329
0.00355648,6.866e-05,96.18473895582329
0.00355648,9.103e-05,96.18473895582329
0.00355648,0.00012068,96.18473895582329
0.00355648,0.00015999,96.18473895582329
0.00355648,0.0002121,96.18473895582329
0.00355648,0.00028118,96.18473895582329
0.00355648,0.00037276,96.18473895582329
0.00355648,0.00049417,96.18473895582329
0.00355648,0.00065513,96.18473895582329
0.00355648,0.00086851,96.18473895582329
0.00355648,0.0011514,96.18473895582329
0.00355648,0.00152642,96.18473895582329
0.00355648,0.00202359,96.18473895582329
0.00355648,0.0026827,96.18473895582329
0.00355648,0.00355648,96.18473895582329
0.00355648,0.00471487,96.18473895582329
0.00355648,0.00625055,96.18473895582329
0.00355648,0.00828643,96.18473895582329
0.00355648,0.01098541,96.18473895582329
0.00355648,0.01456348,96.18473895582329
0.00355648,0.01930698,95.98393574297188
0.00355648,0.02559548,95.98393574297188
0.00355648,0.03393222,95.88353413654619
0.00355648,0.04498433,95.88353413654619
0.00355648,0.05963623,95.78313253012048
0.00355648,0.07906043,95.78313253012048
0.00355648,0.10481131,95.78313253012048
0.00355648,0.13894955,95.68273092369478
0.00355648,0.184207,95.68273092369478
0.00355648,0.24420531,95.68273092369478
0.00355648,0.32374575,95.38152610441767
0.00355648,0.42919343,95.28112449799197
0.00355648,0.5689866,95.08032128514057
0.00355648,0.75431201,94.77911646586345
0.00355648,1.0,94.57831325301204
0.00471487,1e-06,95.18072289156626
0.00471487,1.33e-06,95.18072289156626
0.00471487,1.76e-06,95.18072289156626
0.00471487,2.33e-06,95.18072289156626
0.00471487,3.09e-06,95.18072289156626
0.00471487,4.09e-06,95.18072289156626
0.00471487,5.43e-06,95.18072289156626
0.00471487,7.2e-06,95.18072289156626
0.00471487,9.54e-06,95.18072289156626
0.00471487,1.265e-05,95.18072289156626
0.00471487,1.677e-05,95.18072289156626
0.00471487,2.223e-05,95.18072289156626
0.00471487,2.947e-05,95.18072289156626
0.00471487,3.907e-05,95.18072289156626
0.00471487,5.179e-05,95.18072289156626
0.00471487,6.866e-05,95.18072289156626
0.00471487,9.103e-05,95.18072289156626
0.00471487,0.00012068,95.18072289156626
0.00471487,0.00015999,95.18072289156626
0.00471487,0.0002121,95.18072289156626
0.00471487,0.00028118,95.18072289156626
0.00471487,0.00037276,95.18072289156626
0.00471487,0.00049417,95.18072289156626
0.00471487,0.00065513,95.18072289156626
0.00471487,0.00086851,95.18072289156626
0.00471487,0.0011514,95.18072289156626
0.00471487,0.00152642,95.18072289156626
0.00471487,0.00202359,95.08032128514057
0.00471487,0.0026827,95.08032128514057
0.00471487,0.00355648,95.08032128514057
0.00471487,0.00471487,95.08032128514057
0.00471487,0.00625055,95.08032128514057
0.00471487,0.00828643,95.08032128514057
0.00471487,0.01098541,95.08032128514057
0.00471487,0.01456348,94.97991967871486
0.00471487,0.01930698,94.97991967871486
0.00471487,0.02559548,94.97991967871486
0.00471487,0.03393222,94.97991967871486
0.00471487,0.04498433,94.97991967871486
0.00471487,0.05963623,94.97991967871486
0.00471487,0.07906043,94.97991967871486
0.00471487,0.10481131,94.87951807228916
0.00471487,0.13894955,94.87951807228916
0.00471487,0.184207,94.77911646586345
0.00471487,0.24420531,94.57831325301204
0.00471487,0.32374575,94.37751004016064
0.00471487,0.42919343,94.37751004016064
0.00471487,0.5689866,94.07630522088354
0.00471487,0.75431201,93.97590361445783
0.00471487,1.0,93.97590361445783
0.00625055,1e-06,94.27710843373494
0.00625055,1.33e-06,94.27710843373494
0.00625055,1.76e-06,94.27710843373494
0.00625055,2.33e-06,94.27710843373494
0.00625055,3.09e-06,94.27710843373494
0.00625055,4.09e-06,94.27710843373494
0.00625055,5.43e-06,94.27710843373494
0.00625055,7.2e-06,94.27710843373494
0.00625055,9.54e-06,94.27710843373494
0.00625055,1.265e-05,94.27710843373494
0.00625055,1.677e-05,94.27710843373494
0.00625055,2.223e-05,94.27710843373494
0.00625055,2.947e-05,94.27710843373494
0.00625055,3.907e-05,94.27710843373494
0.00625055,5.179e-05,94.27710843373494
0.00625055,6.866e-05,94.27710843373494
0.00625055,9.103e-05,94.27710843373494
0.00625055,0.00012068,94.27710843373494
0.00625055,0.00015999,94.27710843373494
0.00625055,0.0002121,94.27710843373494
0.00625055,0.00028118,94.27710843373494
0.00625055,0.00037276,94.27710843373494
0.00625055,0.00049417,94.27710843373494
0.00625055,0.00065513,94.27710843373494
0.00625055,0.00086851,94.27710843373494
0.00625055,0.0011514,94.27710843373494
0.00625055,0.00152642,94.27710843373494
0.00625055,0.00202359,94.27710843373494
0.00625055,0.0026827,94.27710843373494
0.00625055,0.00355648,94.27710843373494
0.00625055,0.00471487,94.27710843373494
0.00625055,0.00625055,94.27710843373494
0.00625055,0.00828643,94.27710843373494
0.00625055,0.01098541,94.27710843373494
0.00625055,0.01456348,94.27710843373494
0.00625055,0.01930698,94.17670682730925
0.00625055,0.02559548,94.17670682730925
0.00625055,0.03393222,94.07630522088354
0.00625055,0.04498433,93.97590361445783
0.00625055,0.05963623,93.97590361445783
0.00625055,0.07906043,93.97590361445783
0.00625055,0.10481131,93.97590361445783
0.00625055,0.13894955,93.97590361445783
0.00625055,0.184207,93.97590361445783
0.00625055,0.24420531,93.87550200803213
0.00625055,0.32374575,93.87550200803213
0.00625055,0.42919343,93.87550200803213
0.00625055,0.5689866,93.77510040160642
0.00625055,0.75431201,93.77510040160642
0.00625055,1.0,93.57429718875501
0.00828643,1e-06,93.87550200803213
0.00828643,1.33e-06,93.87550200803213
0.00828643,1.76e-06,93.87550200803213
0.00828643,2.33e-06,93.87550200803213
0.00828643,3.09e-06,93.87550200803213
0.00828643,4.09e-06,93.87550200803213
0.00828643,5.43e-06,93.87550200803213
0.00828643,7.2e-06,93.87550200803213
0.00828643,9.54e-06,93.87550200803213
0.00828643,1.265e-05,93.87550200803213
0.00828643,1.677e-05,93.87550200803213
0.00828643,2.223e-05,93.87550200803213
0.00828643,2.947e-05,93.87550200803213
0.00828643,3.907e-05,93.87550200803213
0.00828643,5.179e-05,93.87550200803213
0.00828643,6.866e-05,93.87550200803213
0.00828643,9.103e-05,93.87550200803213
0.00828643,0.00012068,93.87550200803213
0.00828643,0.00015999,93.87550200803213
0.00828643,0.0002121,93.87550200803213
0.00828643,0.00028118,93.87550200803213
0.00828643,0.00037276,93.87550200803213
0.00828643,0.00049417,93.87550200803213
0.00828643,0.00065513,93.87550200803213
0.00828643,0.00086851,93.87550200803213
0.00828643,0.0011514,93.87550200803213
0.00828643,0.00152642,93.87550200803213
0.00828643,0.00202359,93.87550200803213
0.00828643,0.0026827,93.87550200803213
0.00828643,0.00355648,93.87550200803213
0.00828643,0.00471487,93.87550200803213
0.00828643,0.00625055,93.87550200803213
0.00828643,0.00828643,93.87550200803213
0.00828643,0.01098541,93.87550200803213
0.00828643,0.01456348,93.87550200803213
0.00828643,0.01930698,93.87550200803213
0.00828643,0.02559548,93.87550200803213
0.00828643,0.03393222,93.87550200803213
0.00828643,0.04498433,93.87550200803213
0.00828643,0.05963623,93.87550200803213
0.00828643,0.07906043,93.67469879518072
0.00828643,0.10481131,93.57429718875501
0.00828643,0.13894955,93.57429718875501
0.00828643,0.184207,93.47389558232932
0.00828643,0.24420531,93.27309236947792
0.00828643,0.32374575,93.27309236947792
0.00828643,0.42919343,93.27309236947792
0.00828643,0.5689866,93.27309236947792
0.00828643,0.75431201,93.17269076305222
0.00828643,1.0,93.17269076305222
0.01098541,1e-06,93.37349397590361
0.01098541,1.33e-06,93.37349397590361
0.01098541,1.76e-06,93.37349397590361
0.01098541,2.33e-06,93.37349397590361
0.01098541,3.09e-06,93.37349397590361
0.01098541,4.09e-06,93.37349397590361
0.01098541,5.43e-06,93.37349397590361
0.01098541,7.2e-06,93.37349397590361
0.01098541,9.54e-06,93.37349397590361
0.01098541,1.265e-05,93.37349397590361
0.01098541,1.677e-05,93.37349397590361
0.01098541,2.223e-05,93.37349397590361
0.01098541,2.947e-05,93.37349397590361
0.01098541,3.907e-05,93.37349397590361
0.01098541,5.179e-05,93.37349397590361
0.01098541,6.866e-05,93.37349397590361
0.01098541,9.103e-05,93.37349397590361
0.01098541,0.00012068,93.37349397590361
0.01098541,0.00015999,93.37349397590361
0.01098541,0.0002121,93.37349397590361
0.01098541,0.00028118,93.37349397590361
0.01098541,0.00037276,93.37349397590361
0.01098541,0.00049417,93.37349397590361
0.01098541,0.00065513,93.37349397590361
0.01098541,0.00086851,93.37349397590361
0.01098541,0.0011514,93.37349397590361
0.01098541,0.00152642,93.37349397590361
0.01098541,0.00202359,93.37349397590361
0.01098541,0.0026827,93.37349397590361
0.01098541,0.00355648,93.37349397590361
0.01098541,0.00471487,93.37349397590361
0.01098541,0.00625055,93.37349397590361
0.01098541,0.00828643,93.37349397590361
0.01098541,0.01098541,93.37349397590361
0.01098541,0.01456348,93.37349397590361
0.01098541,0.01930698,93.37349397590361
0.01098541,0.02559548,93.47389558232932
0.01098541,0.03393222,93.47389558232932
0.01098541,0.04498433,93.47389558232932
0.01098541,0.05963623,93.37349397590361
0.01098541,0.07906043,93.37349397590361
0.01098541,0.10481131,93.37349397590361
0.01098541,0.13894955,93.37349397590361
0.01098541,0.184207,93.37349397590361
0.01098541,0.24420531,93.07228915662651
0.01098541,0.32374575,93.07228915662651
0.01098541,0.42919343,92.9718875502008
0.01098541,0.5689866,92.8714859437751
0.01098541,0.75431201,92.8714859437751
0.01098541,1.0,92.7710843373494
0.01456348,1e-06,92.8714859437751
0.01456348,1.33e-06,92.8714859437751
0.01456348,1.76e-06,92.8714859437751
0.01456348,2.33e-06,92.8714859437751
0.01456348,3.09e-06,92.8714859437751
0.01456348,4.09e-06,92.8714859437751
0.01456348,5.43e-06,92.8714859437751
0.01456348,7.2e-06,92.8714859437751
0.01456348,9.54e-06,92.8714859437751
0.01456348,1.265e-05,92.8714859437751
0.01456348,1.677e-05,92.8714859437751
0.01456348,2.223e-05,92.8714859437751
0.01456348,2.947e-05,92.8714859437751
0.01456348,3.907e-05,92.8714859437751
0.01456348,5.179e-05,92.8714859437751
0.01456348,6.866e-05,92.8714859437751
0.01456348,9.103e-05,92.8714859437751
0.01456348,0.00012068,92.8714859437751
0.01456348,0.00015999,92.8714859437751
0.01456348,0.0002121,92.8714859437751
0.01456348,0.00028118,92.8714859437751
0.01456348,0.00037276,92.8714859437751
0.01456348,0.00049417,92.8714859437751
0.01456348,0.00065513,92.8714859437751
0.01456348,0.00086851,92.8714859437751
0.01456348,0.0011514,92.8714859437751
0.01456348,0.00152642,92.8714859437751
0.01456348,0.00202359,92.8714859437751
0.01456348,0.0026827,92.8714859437751
0.01456348,0.00355648,92.7710843373494
0.01456348,0.00471487,92.7710843373494
0.01456348,0.00625055,92.7710843373494
0.01456348,0.00828643,92.7710843373494
0.01456348,0.01098541,92.7710843373494
0.01456348,0.01456348,92.7710843373494
0.01456348,0.01930698,92.7710843373494
0.01456348,0.02559548,92.7710843373494
0.01456348,0.03393222,92.7710843373494
0.01456348,0.04498433,92.7710843373494
0.01456348,0.05963623,92.7710843373494
0.01456348,0.07906043,92.7710843373494
0.01456348,0.10481131,92.7710843373494
0.01456348,0.13894955,92.7710843373494
0.01456348,0.184207,92.67068273092369
0.01456348,0.24420531,92.67068273092369
0.01456348,0.32374575,92.67068273092369
0.01456348,0.42919343,92.46987951807229
0.01456348,0.5689866,92.46987951807229
0.01456348,0.75431201,92.26907630522089
0.01456348,1.0,92.16867469879519
0.01930698,1e-06,91.86746987951807
0.01930698,1.33e-06,91.86746987951807
0.01930698,1.76e-06,91.86746987951807
0.01930698,2.33e-06,91.86746987951807
0.01930698,3.09e-06,91.86746987951807
0.01930698,4.09e-06,91.86746987951807
0.01930698,5.43e-06,91.86746987951807
0.01930698,7.2e-06,91.86746987951807
0.01930698,9.54e-06,91.86746987951807
0.01930698,1.265e-05,91.86746987951807
0.01930698,1.677e-05,91.86746987951807
0.01930698,2.223e-05,91.86746987951807
0.01930698,2.947e-05,91.86746987951807
0.01930698,3.907e-05,91.86746987951807
0.01930698,5.179e-05,91.86746987951807
0.01930698,6.866e-05,91.86746987951807
0.01930698,9.103e-05,91.86746987951807
0.01930698,0.00012068,91.86746987951807
0.01930698,0.00015999,91.86746987951807
0.01930698,0.0002121,91.86746987951807
0.01930698,0.00028118,91.86746987951807
0.01930698,0.00037276,91.86746987951807
0.01930698,0.00049417,91.86746987951807
0.01930698,0.00065513,91.86746987951807
0.01930698,0.00086851,91.86746987951807
0.01930698,0.0011514,91.86746987951807
0.01930698,0.00152642,91.86746987951807
0.01930698,0.00202359,91.86746987951807
0.01930698,0.0026827,91.86746987951807
0.01930698,0.00355648,91.86746987951807
0.01930698,0.00471487,91.86746987951807
0.01930698,0.00625055,91.86746987951807
0.01930698,0.00828643,91.86746987951807
0.01930698,0.01098541,91.86746987951807
0.01930698,0.01456348,91.86746987951807
0.01930698,0.01930698,91.86746987951807
0.01930698,0.02559548,91.86746987951807
0.01930698,0.03393222,91.86746987951807
0.01930698,0.04498433,91.86746987951807
0.01930698,0.05963623,91.86746987951807
0.01930698,0.07906043,91.86746987951807
0.01930698,0.10481131,91.86746987951807
0.01930698,0.13894955,91.96787148594377
0.01930698,0.184207,91.96787148594377
0.01930698,0.24420531,91.76706827309236
0.01930698,0.32374575,91.46586345381526
0.01930698,0.42919343,91.36546184738957
0.01930698,0.5689866,91.36546184738957
0.01930698,0.75431201,91.26506024096386
0.01930698,1.0,91.16465863453816
0.02559548,1e-06,90.76305220883533
0.02559548,1.33e-06,90.76305220883533
0.02559548,1.76e-06,90.76305220883533
0.02559548,2.33e-06,90.76305220883533
0.02559548,3.09e-06,90.76305220883533
0.02559548,4.09e-06,90.76305220883533
0.02559548,5.43e-06,90.76305220883533
0.02559548,7.2e-06,90.76305220883533
0.02559548,9.54e-06,90.76305220883533
0.02559548,1.265e-05,90.76305220883533
0.02559548,1.677e-05,90.76305220883533
0.02559548,2.223e-05,90.76305220883533
0.02559548,2.947e-05,90.76305220883533
0.02559548,3.907e-05,90.76305220883533
0.02559548,5.179e-05,90.76305220883533
0.02559548,6.866e-05,90.76305220883533
0.02559548,9.103e-05,90.76305220883533
0.02559548,0.00012068,90.76305220883533
0.02559548,0.00015999,90.76305220883533
0.02559548,0.0002121,90.76305220883533
0.02559548,0.00028118,90.76305220883533
0.02559548,0.00037276,90.76305220883533
0.02559548,0.00049417,90.76305220883533
0.02559548,0.00065513,90.76305220883533
0.02559548,0.00086851,90.76305220883533
0.02559548,0.0011514,90.76305220883533
0.02559548,0.00152642,90.76305220883533
0.02559548,0.00202359,90.76305220883533
0.02559548,0.0026827,90.76305220883533
0.02559548,0.00355648,90.76305220883533
0.02559548,0.00471487,90.76305220883533
0.02559548,0.00625055,90.76305220883533
0.02559548,0.00828643,90.76305220883533
0.02559548,0.01098541,90.66265060240963
0.02559548,0.01456348,90.66265060240963
0.02559548,0.01930698,90.66265060240963
0.02559548,0.02559548,90.66265060240963
0.02559548,0.03393222,90.66265060240963
0.02559548,0.04498433,90.66265060240963
0.02559548,0.05963623,90.66265060240963
0.02559548,0.07906043,90.66265060240963
0.02559548,0.10481131,90.56224899598394
0.02559548,0.13894955,90.56224899598394
0.02559548,0.184207,90.56224899598394
0.02559548,0.24420531,90.56224899598394
0.02559548,0.32374575,90.56224899598394
0.02559548,0.42919343,90.46184738955823
0.02559548,0.5689866,90.46184738955823
0.02559548,0.75431201,90.46184738955823
0.02559548,1.0,90.46184738955823
0.03393222,1e-06,90.46184738955823
0.03393222,1.33e-06,90.46184738955823
0.03393222,1.76e-06,90.46184738955823
0.03393222,2.33e-06,90.46184738955823
0.03393222,3.09e-06,90.46184738955823
0.03393222,4.09e-06,90.46184738955823
0.03393222,5.43e-06,90.46184738955823
0.03393222,7.2e-06,90.46184738955823
0.03393222,9.54e-06,90.46184738955823
0.03393222,1.265e-05,90.46184738955823
0.03393222,1.677e-05,90.46184738955823
0.03393222,2.223e-05,90.46184738955823
0.03393222,2.947e-05,90.46184738955823
0.03393222,3.907e-05,90.46184738955823
0.03393222,5.179e-05,90.46184738955823
0.03393222,6.866e-05,90.46184738955823
0.03393222,9.103e-05,90.46184738955823
0.03393222,0.00012068,90.46184738955823
0.03393222,0.00015999,90.46184738955823
0.03393222,0.0002121,90.46184738955823
0.03393222,0.00028118,90.46184738955823
0.03393222,0.00037276,90.46184738955823
0.03393222,0.00049417,90.46184738955823
0.03393222,0.00065513,90.46184738955823
0.03393222,0.00086851,90.46184738955823
0.03393222,0.0011514,90.46184738955823
0.03393222,0.00152642,90.46184738955823
0.03393222,0.00202359,90.46184738955823
0.03393222,0.0026827,90.46184738955823
0.03393222,0.00355648,90.46184738955823
0.03393222,0.00471487,90.46184738955823
0.03393222,0.00625055,90.46184738955823
0.03393222,0.00828643,90.46184738955823
0.03393222,0.01098541,90.46184738955823
0.03393222,0.01456348,90.46184738955823
0.03393222,0.01930698,90.46184738955823
0.03393222,0.02559548,90.46184738955823
0.03393222,0.03393222,90.46184738955823
0.03393222,0.04498433,90.46184738955823
0.03393222,0.05963623,90.46184738955823
0.03393222,0.07906043,90.46184738955823
0.03393222,0.10481131,90.46184738955823
0.03393222,0.13894955,90.46184738955823
0.03393222,0.184207,90.46184738955823
0.03393222,0.24420531,90.46184738955823
0.03393222,0.32374575,90.46184738955823
0.03393222,0.42919343,90.46184738955823
0.03393222,0.5689866,90.46184738955823
0.03393222,0.75431201,90.26104417670683
0.03393222,1.0,90.26104417670683
0.04498433,1e-06,90.46184738955823
0.04498433,1.33e-06,90.46184738955823
0.04498433,1.76e-06,90.46184738955823
0.04498433,2.33e-06,90.46184738955823
0.04498433,3.09e-06,90.46184738955823
0.04498433,4.09e-06,90.46184738955823
0.04498433,5.43e-06,90.46184738955823
0.04498433,7.2e-06,90.46184738955823
0.04498433,9.54e-06,90.46184738955823
0.04498433,1.265e-05,90.46184738955823
0.04498433,1.677e-05,90.46184738955823
0.04498433,2.223e-05,90.46184738955823
0.04498433,2.947e-05,90.46184738955823
0.04498433,3.907e-05,90.46184738955823
0.04498433,5.179e-05,90.46184738955823
0.04498433,6.866e-05,90.46184738955823
0.04498433,9.103e-05,90.46184738955823
0.04498433,0.00012068,90.46184738955823
0.04498433,0.00015999,90.46184738955823
0.04498433,0.0002121,90.46184738955823
0.04498433,0.00028118,90.46184738955823
0.04498433,0.00037276,90.46184738955823
0.04498433,0.00049417,90.46184738955823
0.04498433,0.00065513,90.46184738955823
0.04498433,0.00086851,90.46184738955823
0.04498433,0.0011514,90.46184738955823
0.04498433,0.00152642,90.46184738955823
0.04498433,0.00202359,90.46184738955823
0.04498433,0.0026827,90.46184738955823
0.04498433,0.00355648,90.46184738955823
0.04498433,0.00471487,90.46184738955823
0.04498433,0.00625055,90.46184738955823
0.04498433,0.00828643,90.46184738955823
0.04498433,0.01098541,90.46184738955823
0.04498433,0.01456348,90.46184738955823
0.04498433,0.01930698,90.46184738955823
0.04498433,0.02559548,90.46184738955823
0.04498433,0.03393222,90.46184738955823
0.04498433,0.04498433,90.46184738955823
0.04498433,0.05963623,90.46184738955823
0.04498433,0.07906043,90.46184738955823
0.04498433,0.10481131,90.46184738955823
0.04498433,0.13894955,90.46184738955823
0.04498433,0.184207,90.46184738955823
0.04498433,0.24420531,90.46184738955823
0.04498433,0.32374575,90.46184738955823
0.04498433,0.42919343,90.46184738955823
0.04498433,0.5689866,90.46184738955823
0.04498433,0.75431201,90.46184738955823
0.04498433,1.0,90.46184738955823
0.05963623,1e-06,90.36144578313254
0.05963623,1.33e-06,90.36144578313254
0.05963623,1.76e-06,90.36144578313254
0.05963623,2.33e-06,90.36144578313254
0.05963623,3.09e-06,90.36144578313254
0.05963623,4.09e-06,90.36144578313254
0.05963623,5.43e-06,90.36144578313254
0.05963623,7.2e-06,90.36144578313254
0.05963623,9.54e-06,90.36144578313254
0.05963623,1.265e-05,90.36144578313254
0.05963623,1.677e-05,90.36144578313254
0.05963623,2.223e-05,90.36144578313254
0.05963623,2.947e-05,90.36144578313254
0.05963623,3.907e-05,90.36144578313254
0.05963623,5.179e-05,90.36144578313254
0.05963623,6.866e-05,90.36144578313254
0.05963623,9.103e-05,90.36144578313254
0.05963623,0.00012068,90.36144578313254
0.05963623,0.00015999,90.36144578313254
0.05963623,0.0002121,90.36144578313254
0.05963623,0.00028118,90.36144578313254
0.05963623,0.00037276,90.36144578313254
0.05963623,0.00049417,90.36144578313254
0.05963623,0.00065513,90.36144578313254
0.05963623,0.00086851,90.36144578313254
0.05963623,0.0011514,90.36144578313254
0.05963623,0.00152642,90.36144578313254
0.05963623,0.00202359,90.36144578313254
0.05963623,0.0026827,90.36144578313254
0.05963623,0.00355648,90.36144578313254
0.05963623,0.00471487,90.36144578313254
0.05963623,0.00625055,90.36144578313254
0.05963623,0.00828643,90.36144578313254
0.05963623,0.01098541,90.36144578313254
0.05963623,0.01456348,90.36144578313254
0.05963623,0.01930698,90.36144578313254
0.05963623,0.02559548,90.36144578313254
0.05963623,0.03393222,90.36144578313254
0.05963623,0.04498433,90.36144578313254
0.05963623,0.05963623,90.36144578313254
0.05963623,0.07906043,90.36144578313254
0.05963623,0.10481131,90.36144578313254
0.05963623,0.13894955,90.36144578313254
0.05963623,0.184207,90.36144578313254
0.05963623,0.24420531,90.36144578313254
0.05963623,0.32374575,90.36144578313254
0.05963623,0.42919343,90.36144578313254
0.05963623,0.5689866,90.36144578313254
0.05963623,0.75431201,90.36144578313254
0.05963623,1.0,90.36144578313254
0.07906043,1e-06,89.5582329317269
0.07906043,1.33e-06,89.5582329317269
0.07906043,1.76e-06,89.5582329317269
0.07906043,2.33e-06,89.5582329317269
0.07906043,3.09e-06,89.5582329317269
0.07906043,4.09e-06,89.5582329317269
0.07906043,5.43e-06,89.5582329317269
0.07906043,7.2e-06,89.5582329317269
0.07906043,9.54e-06,89.5582329317269
0.07906043,1.265e-05,89.5582329317269
0.07906043,1.677e-05,89.5582329317269
0.07906043,2.223e-05,89.5582329317269
0.07906043,2.947e-05,89.5582329317269
0.07906043,3.907e-05,89.5582329317269
0.07906043,5.179e-05,89.5582329317269
0.07906043,6.866e-05,89.5582329317269
0.07906043,9.103e-05,89.5582329317269
0.07906043,0.00012068,89.5582329317269
0.07906043,0.00015999,89.5582329317269
0.07906043,0.0002121,89.5582329317269
0.07906043,0.00028118,89.5582329317269
0.07906043,0.00037276,89.5582329317269
0.07906043,0.00049417,89.5582329317269
0.07906043,0.00065513,89.5582329317269
0.07906043,0.00086851,89.5582329317269
0.07906043,0.0011514,89.5582329317269
0.07906043,0.00152642,89.5582329317269
0.07906043,0.00202359,89.5582329317269
0.07906043,0.0026827,89.5582329317269
0.07906043,0.00355648,89.5582329317269
0.07906043,0.00471487,89.5582329317269
0.07906043,0.00625055,89.5582329317269
0.07906043,0.00828643,89.5582329317269
0.07906043,0.01098541,89.5582329317269
0.07906043,0.01456348,89.5582329317269
0.07906043,0.01930698,89.5582329317269
0.07906043,0.02559548,89.5582329317269
0.07906043,0.03393222,89.5582329317269
0.07906043,0.04498433,89.5582329317269
0.07906043,0.05963623,89.5582329317269
0.07906043,0.07906043,89.5582329317269
0.07906043,0.10481131,89.5582329317269
0.07906043,0.13894955,89.5582329317269
0.07906043,0.184207,89.5582329317269
0.07906043,0.24420531,89.5582329317269
0.07906043,0.32374575,89.5582329317269
0.07906043,0.42919343,89.5582329317269
0.07906043,0.5689866,89.5582329317269
0.07906043,0.75431201,89.5582329317269
0.07906043,1.0,89.5582329317269
0.10481131,1e-06,88.85542168674698
0.10481131,1.33e-06,88.85542168674698
0.10481131,1.76e-06,88.85542168674698
0.10481131,2.33e-06,88.85542168674698
0.10481131,3.09e-06,88.85542168674698
0.10481131,4.09e-06,88.85542168674698
0.10481131,5.43e-06,88.85542168674698
0.10481131,7.2e-06,88.85542168674698
0.10481131,9.54e-06,88.85542168674698
0.10481131,1.265e-05,88.85542168674698
0.10481131,1.677e-05,88.85542168674698
0.10481131,2.223e-05,88.85542168674698
0.10481131,2.947e-05,88.85542168674698
0.10481131,3.907e-05,88.85542168674698
0.10481131,5.179e-05,88.85542168674698
0.10481131,6.866e-05,88.85542168674698
0.10481131,9.103e-05,88.85542168674698
0.10481131,0.00012068,88.85542168674698
0.10481131,0.00015999,88.85542168674698
0.10481131,0.0002121,88.85542168674698
0.10481131,0.00028118,88.85542168674698
0.10481131,0.00037276,88.85542168674698
0.10481131,0.00049417,88.85542168674698
0.10481131,0.00065513,88.85542168674698
0.10481131,0.00086851,88.85542168674698
0.10481131,0.0011514,88.85542168674698
0.10481131,0.00152642,88.85542168674698
0.10481131,0.00202359,88.85542168674698
0.10481131,0.0026827,88.85542168674698
0.10481131,0.00355648,88.85542168674698
0.10481131,0.00471487,88.85542168674698
0.10481131,0.00625055,88.85542168674698
0.10481131,0.00828643,88.85542168674698
0.10481131,0.01098541,88.85542168674698
0.10481131,0.01456348,88.85542168674698
0.10481131,0.01930698,88.85542168674698
0.10481131,0.02559548,88.85542168674698
0.10481131,0.03393222,88.85542168674698
0.10481131,0.04498433,88.85542168674698
0.10481131,0.05963623,88.85542168674698
0.10481131,0.07906043,88.85542168674698
0.10481131,0.10481131,88.85542168674698
0.10481131,0.13894955,88.85542168674698
0.10481131,0.184207,88.85542168674698
0.10481131,0.24420531,88.85542168674698
0.10481131,0.32374575,88.85542168674698
0.10481131,0.42919343,88.85542168674698
0.10481131,0.5689866,88.85542168674698
0.10481131,0.75431201,88.85542168674698
0.10481131,1.0,88.85542168674698
0.13894955,1e-06,86.94779116465864
0.13894955,1.33e-06,86.94779116465864
0.13894955,1.76e-06,86.94779116465864
0.13894955,2.33e-06,86.94779116465864
0.13894955,3.09e-06,86.94779116465864
0.13894955,4.09e-06,86.94779116465864
0.13894955,5.43e-06,86.94779116465864
0.13894955,7.2e-06,86.94779116465864
0.13894955,9.54e-06,86.94779116465864
0.13894955,1.265e-05,86.94779116465864
0.13894955,1.677e-05,86.94779116465864
0.13894955,2.223e-05,86.94779116465864
0.13894955,2.947e-05,86.94779116465864
0.13894955,3.907e-05,86.94779116465864
0.13894955,5.179e-05,86.94779116465864
0.13894955,6.866e-05,86.94779116465864
0.13894955,9.103e-05,86.94779116465864
0.13894955,0.00012068,86.94779116465864
0.13894955,0.00015999,86.94779116465864
0.13894955,0.0002121,86.94779116465864
0.13894955,0.00028118,86.94779116465864
0.13894955,0.00037276,86.94779116465864
0.13894955,0.00049417,86.94779116465864
0.13894955,0.00065513,86.94779116465864
0.13894955,0.00086851,86.94779116465864
0.13894955,0.0011514,86.94779116465864
0.13894955,0.00152642,86.94779116465864
0.13894955,0.00202359,86.94779116465864
0.13894955,0.0026827,86.94779116465864
0.13894955,0.00355648,86.94779116465864
0.13894955,0.00471487,86.94779116465864
0.13894955,0.00625055,86.94779116465864
0.13894955,0.00828643,86.94779116465864
0.13894955,0.01098541,86.94779116465864
0.13894955,0.01456348,86.94779116465864
0.13894955,0.01930698,86.94779116465864
0.13894955,0.02559548,86.94779116465864
0.13894955,0.03393222,86.94779116465864
0.13894955,0.04498433,86.94779116465864
0.13894955,0.05963623,86.94779116465864
0.13894955,0.07906043,86.94779116465864
0.13894955,0.10481131,86.94779116465864
0.13894955,0.13894955,86.94779116465864
0.13894955,0.184207,86.94779116465864
0.13894955,0.24420531,86.94779116465864
0.13894955,0.32374575,86.94779116465864
0.13894955,0.42919343,86.94779116465864
0.13894955,0.5689866,86.94779116465864
0.13894955,0.75431201,86.94779116465864
0.13894955,1.0,86.94779116465864
0.184207,1e-06,84.03614457831326
0.184207,1.33e-06,84.03614457831326
0.184207,1.76e-06,84.03614457831326
0.184207,2.33e-06,84.03614457831326
0.184207,3.09e-06,84.03614457831326
0.184207,4.09e-06,84.03614457831326
0.184207,5.43e-06,84.03614457831326
0.184207,7.2e-06,84.03614457831326
0.184207,9.54e-06,84.03614457831326
0.184207,1.265e-05,84.03614457831326
0.184207,1.677e-05,84.03614457831326
0.184207,2.223e-05,84.03614457831326
0.184207,2.947e-05,84.03614457831326
0.184207,3.907e-05,84.03614457831326
0.184207,5.179e-05,84.03614457831326
0.184207,6.866e-05,84.03614457831326
0.184207,9.103e-05,84.03614457831326
0.184207,0.00012068,84.03614457831326
0.184207,0.00015999,84.03614457831326
0.184207,0.0002121,84.03614457831326
0.184207,0.00028118,84.03614457831326
0.184207,0.00037276,84.03614457831326
0.184207,0.00049417,84.03614457831326
0.184207,0.00065513,84.03614457831326
0.184207,0.00086851,84.03614457831326
0.184207,0.0011514,84.03614457831326
0.184207,0.00152642,84.03614457831326
0.184207,0.00202359,84.03614457831326
0.184207,0.0026827,84.03614457831326
0.184207,0.00355648,84.03614457831326
0.184207,0.00471487,84.03614457831326
0.184207,0.00625055,84.03614457831326
0.184207,0.00828643,84.03614457831326
0.184207,0.01098541,84.03614457831326
0.184207,0.01456348,84.03614457831326
0.184207,0.01930698,84.03614457831326
0.184207,0.02559548,84.03614457831326
0.184207,0.03393222,84.03614457831326
0.184207,0.04498433,84.03614457831326
0.184207,0.05963623,84.03614457831326
0.184207,0.07906043,84.03614457831326
0.184207,0.10481131,84.03614457831326
0.184207,0.13894955,84.03614457831326
0.184207,0.184207,84.03614457831326
0.184207,0.24420531,84.03614457831326
0.184207,0.32374575,84.03614457831326
0.184207,0.42919343,84.03614457831326
0.184207,0.5689866,84.03614457831326
0.184207,0.75431201,84.03614457831326
0.184207,1.0,83.93574297188755
0.24420531,1e-06,78.21285140562249
0.24420531,1.33e-06,78.21285140562249
0.24420531,1.76e-06,78.21285140562249
0.24420531,2.33e-06,78.21285140562249
0.24420531,3.09e-06,78.21285140562249
0.24420531,4.09e-06,78.21285140562249
0.24420531,5.43e-06,78.21285140562249
0.24420531,7.2e-06,78.21285140562249
0.24420531,9.54e-06,78.21285140562249
0.24420531,1.265e-05,78.21285140562249
0.24420531,1.677e-05,78.21285140562249
0.24420531,2.223e-05,78.21285140562249
0.24420531,2.947e-05,78.21285140562249
0.24420531,3.907e-05,78.21285140562249
0.24420531,5.179e-05,78.21285140562249
0.24420531,6.866e-05,78.21285140562249
0.24420531,9.103e-05,78.21285140562249
0.24420531,0.00012068,78.21285140562249
0.24420531,0.00015999,78.21285140562249
0.24420531,0.0002121,78.21285140562249
0.24420531,0.00028118,78.21285140562249
0.24420531,0.00037276,78.21285140562249
0.24420531,0.00049417,78.21285140562249
0.24420531,0.00065513,78.21285140562249
0.24420531,0.00086851,78.21285140562249
0.24420531,0.0011514,78.21285140562249
0.24420531,0.00152642,78.21285140562249
0.24420531,0.00202359,78.21285140562249
0.24420531,0.0026827,78.21285140562249
0.24420531,0.00355648,78.21285140562249
0.24420531,0.00471487,78.21285140562249
0.24420531,0.00625055,78.21285140562249
0.24420531,0.00828643,78.21285140562249
0.24420531,0.01098541,78.21285140562249
0.24420531,0.01456348,78.21285140562249
0.24420531,0.01930698,78.21285140562249
0.24420531,0.02559548,78.21285140562249
0.24420531,0.03393222,78.21285140562249
0.24420531,0.04498433,78.21285140562249
0.24420531,0.05963623,78.21285140562249
0.24420531,0.07906043,78.21285140562249
0.24420531,0.10481131,78.21285140562249
0.24420531,0.13894955,78.21285140562249
0.24420531,0.184207,78.21285140562249
0.24420531,0.24420531,78.21285140562249
0.24420531,0.32374575,78.21285140562249
0.24420531,0.42919343,78.21285140562249
0.24420531,0.5689866,78.21285140562249
0.24420531,0.75431201,78.21285140562249
0.24420531,1.0,78.21285140562249
0.32374575,1e-06,71.5863453815261
0.32374575,1.33e-06,71.5863453815261
0.32374575,1.76e-06,71.5863453815261
0.32374575,2.33e-06,71.5863453815261
0.32374575,3.09e-06,71.5863453815261
0.32374575,4.09e-06,71.5863453815261
0.32374575,5.43e-06,71.5863453815261
0.32374575,7.2e-06,71.5863453815261
0.32374575,9.54e-06,71.5863453815261
0.32374575,1.265e-05,71.5863453815261
0.32374575,1.677e-05,71.5863453815261
0.32374575,2.223e-05,71.5863453815261
0.32374575,2.947e-05,71.5863453815261
0.32374575,3.907e-05,71.5863453815261
0.32374575,5.179e-05,71.5863453815261
0.32374575,6.866e-05,71.5863453815261
0.32374575,9.103e-05,71.5863453815261
0.32374575,0.00012068,71.5863453815261
0.32374575,0.00015999,71.5863453815261
0.32374575,0.0002121,71.5863453815261
0.32374575,0.00028118,71.5863453815261
0.32374575,0.00037276,71.5863453815261
0.32374575,0.00049417,71.5863453815261
0.32374575,0.00065513,71.5863453815261
0.32374575,0.00086851,71.5863453815261
0.32374575,0.0011514,71.5863453815261
0.32374575,0.00152642,71.5863453815261
0.32374575,0.00202359,71.5863453815261
0.32374575,0.0026827,71.5863453815261
0.32374575,0.00355648,71.5863453815261
0.32374575,0.00471487,71.5863453815261
0.32374575,0.00625055,71.5863453815261
0.32374575,0.00828643,71.5863453815261
0.32374575,0.01098541,71.5863453815261
0.32374575,0.01456348,71.5863453815261
0.32374575,0.01930698,71.5863453815261
0.32374575,0.02559548,71.5863453815261
0.32374575,0.03393222,71.5863453815261
0.32374575,0.04498433,71.5863453815261
0.32374575,0.05963623,71.5863453815261
0.32374575,0.07906043,71.5863453815261
0.32374575,0.10481131,71.5863453815261
0.32374575,0.13894955,71.5863453815261
0.32374575,0.184207,71.5863453815261
0.32374575,0.24420531,71.5863453815261
0.32374575,0.32374575,71.5863453815261
0.32374575,0.42919343,71.5863453815261
0.32374575,0.5689866,71.6867469879518
0.32374575,0.75431201,71.5863453815261
0.32374575,1.0,71.78714859437751
0.42919343,1e-06,60.44176706827309
0.42919343,1.33e-06,60.44176706827309
0.42919343,1.76e-06,60.44176706827309
0.42919343,2.33e-06,60.44176706827309
0.42919343,3.09e-06,60.44176706827309
0.42919343,4.09e-06,60.44176706827309
0.42919343,5.43e-06,60.44176706827309
0.42919343,7.2e-06,60.44176706827309
0.42919343,9.54e-06,60.44176706827309
0.42919343,1.265e-05,60.44176706827309
0.42919343,1.677e-05,60.44176706827309
0.42919343,2.223e-05,60.44176706827309
0.42919343,2.947e-05,60.44176706827309
0.42919343,3.907e-05,60.44176706827309
0.42919343,5.179e-05,60.44176706827309
0.42919343,6.866e-05,60.44176706827309
0.42919343,9.103e-05,60.44176706827309
0.42919343,0.00012068,60.44176706827309
0.42919343,0.00015999,60.44176706827309
0.42919343,0.0002121,60.44176706827309
0.42919343,0.00028118,60.44176706827309
0.42919343,0.00037276,60.44176706827309
0.42919343,0.00049417,60.44176706827309
0.42919343,0.00065513,60.44176706827309
0.42919343,0.00086851,60.44176706827309
0.42919343,0.0011514,60.44176706827309
0.42919343,0.00152642,60.44176706827309
0.42919343,0.00202359,60.44176706827309
0.42919343,0.0026827,60.44176706827309
0.42919343,0.00355648,60.44176706827309
0.42919343,0.00471487,60.44176706827309
0.42919343,0.00625055,60.44176706827309
0.42919343,0.00828643,60.44176706827309
0.42919343,0.01098541,60.44176706827309
0.42919343,0.01456348,60.44176706827309
0.42919343,0.01930698,60.44176706827309
0.42919343,0.02559548,60.44176706827309
0.42919343,0.03393222,60.44176706827309
0.42919343,0.04498433,60.44176706827309
0.42919343,0.05963623,60.44176706827309
0.42919343,0.07906043,60.44176706827309
0.42919343,0.10481131,60.44176706827309
0.42919343,0.13894955,60.44176706827309
0.42919343,0.184207,60.44176706827309
0.42919343,0.24420531,60.44176706827309
0.42919343,0.32374575,60.44176706827309
0.42919343,0.42919343,60.44176706827309
0.42919343,0.5689866,60.44176706827309
0.42919343,0.75431201,60.44176706827309
0.42919343,1.0,60.24096385542169
0.5689866,1e-06,47.08835341365462
0.5689866,1.33e-06,47.08835341365462
0.5689866,1.76e-06,47.08835341365462
0.5689866,2.33e-06,47.08835341365462
0.5689866,3.09e-06,47.08835341365462
0.5689866,4.09e-06,47.08835341365462
0.5689866,5.43e-06,47.08835341365462
0.5689866,7.2e-06,47.08835341365462
0.5689866,9.54e-06,47.08835341365462
0.5689866,1.265e-05,47.08835341365462
0.5689866,1.677e-05,47.08835341365462
0.5689866,2.223e-05,47.08835341365462
0.5689866,2.947e-05,47.08835341365462
0.5689866,3.907e-05,47.08835341365462
0.5689866,5.179e-05,47.08835341365462
0.5689866,6.866e-05,47.08835341365462
0.5689866,9.103e-05,47.08835341365462
0.5689866,0.00012068,47.08835341365462
0.5689866,0.00015999,47.08835341365462
0.5689866,0.0002121,47.08835341365462
0.5689866,0.00028118,47.08835341365462
0.5689866,0.00037276,47.08835341365462
0.5689866,0.00049417,47.08835341365462
0.5689866,0.00065513,47.08835341365462
0.5689866,0.00086851,47.08835341365462
0.5689866,0.0011514,47.08835341365462
0.5689866,0.00152642,47.08835341365462
0.5689866,0.00202359,47.08835341365462
0.5689866,0.0026827,47.08835341365462
0.5689866,0.00355648,47.08835341365462
0.5689866,0.00471487,47.08835341365462
0.5689866,0.00625055,47.08835341365462
0.5689866,0.00828643,47.08835341365462
0.5689866,0.01098541,47.08835341365462
0.5689866,0.01456348,47.08835341365462
0.5689866,0.01930698,47.08835341365462
0.5689866,0.02559548,47.08835341365462
0.5689866,0.03393222,47.08835341365462
0.5689866,0.04498433,47.08835341365462
0.5689866,0.05963623,47.08835341365462
0.5689866,0.07906043,47.08835341365462
0.5689866,0.10481131,47.08835341365462
0.5689866,0.13894955,47.08835341365462
0.5689866,0.184207,47.08835341365462
0.5689866,0.24420531,47.08835341365462
0.5689866,0.32374575,47.08835341365462
0.5689866,0.42919343,47.08835341365462
0.5689866,0.5689866,47.08835341365462
0.5689866,0.75431201,47.08835341365462
0.5689866,1.0,46.98795180722892
0.75431201,1e-06,37.34939759036144
0.75431201,1.33e-06,37.34939759036144
0.75431201,1.76e-06,37.34939759036144
0.75431201,2.33e-06,37.34939759036144
0.75431201,3.09e-06,37.34939759036144
0.75431201,4.09e-06,37.34939759036144
0.75431201,5.43e-06,37.34939759036144
0.75431201,7.2e-06,37.34939759036144
0.75431201,9.54e-06,37.34939759036144
0.75431201,1.265e-05,37.34939759036144
0.75431201,1.677e-05,37.34939759036144
0.75431201,2.223e-05,37.34939759036144
0.75431201,2.947e-05,37.34939759036144
0.75431201,3.907e-05,37.34939759036144
0.75431201,5.179e-05,37.34939759036144
0.75431201,6.866e-05,37.34939759036144
0.75431201,9.103e-05,37.34939759036144
0.75431201,0.00012068,37.34939759036144
0.75431201,0.00015999,37.34939759036144
0.75431201,0.0002121,37.34939759036144
0.75431201,0.00028118,37.34939759036144
0.75431201,0.00037276,37.34939759036144
0.75431201,0.00049417,37.34939759036144
0.75431201,0.00065513,37.34939759036144
0.75431201,0.00086851,37.34939759036144
0.75431201,0.0011514,37.34939759036144
0.75431201,0.00152642,37.34939759036144
0.75431201,0.00202359,37.34939759036144
0.75431201,0.0026827,37.34939759036144
0.75431201,0.00355648,37.34939759036144
0.75431201,0.00471487,37.34939759036144
0.75431201,0.00625055,37.34939759036144
0.75431201,0.00828643,37.34939759036144
0.75431201,0.01098541,37.34939759036144
0.75431201,0.01456348,37.34939759036144
0.75431201,0.01930698,37.34939759036144
0.75431201,0.02559548,37.34939759036144
0.75431201,0.03393222,37.34939759036144
0.75431201,0.04498433,37.34939759036144
0.75431201,0.05963623,37.34939759036144
0.75431201,0.07906043,37.34939759036144
0.75431201,0.10481131,37.34939759036144
0.75431201,0.13894955,37.34939759036144
0.75431201,0.184207,37.34939759036144
0.75431201,0.24420531,37.34939759036144
0.75431201,0.32374575,37.34939759036144
0.75431201,0.42919343,37.34939759036144
0.75431201,0.5689866,37.34939759036144
0.75431201,0.75431201,37.34939759036144
0.75431201,1.0,37.34939759036144
1.0,1e-06,28.614457831325304
1.0,1.33e-06,28.614457831325304
1.0,1.76e-06,28.614457831325304
1.0,2.33e-06,28.614457831325304
1.0,3.09e-06,28.614457831325304
1.0,4.09e-06,28.614457831325304
1.0,5.43e-06,28.614457831325304
1.0,7.2e-06,28.614457831325304
1.0,9.54e-06,28.614457831325304
1.0,1.265e-05,28.614457831325304
1.0,1.677e-05,28.614457831325304
1.0,2.223e-05,28.614457831325304
1.0,2.947e-05,28.614457831325304
1.0,3.907e-05,28.614457831325304
1.0,5.179e-05,28.614457831325304
1.0,6.866e-05,28.614457831325304
1.0,9.103e-05,28.614457831325304
1.0,0.00012068,28.614457831325304
1.0,0.00015999,28.614457831325304
1.0,0.0002121,28.614457831325304
1.0,0.00028118,28.614457831325304
1.0,0.00037276,28.614457831325304
1.0,0.00049417,28.614457831325304
1.0,0.00065513,28.614457831325304
1.0,0.00086851,28.614457831325304
1.0,0.0011514,28.614457831325304
1.0,0.00152642,28.614457831325304
1.0,0.00202359,28.614457831325304
1.0,0.0026827,28.614457831325304
1.0,0.00355648,28.614457831325304
1.0,0.00471487,28.614457831325304
1.0,0.00625055,28.614457831325304
1.0,0.00828643,28.614457831325304
1.0,0.01098541,28.614457831325304
1.0,0.01456348,28.614457831325304
1.0,0.01930698,28.614457831325304
1.0,0.02559548,28.614457831325304
1.0,0.03393222,28.614457831325304
1.0,0.04498433,28.614457831325304
1.0,0.05963623,28.614457831325304
1.0,0.07906043,28.614457831325304
1.0,0.10481131,28.614457831325304
1.0,0.13894955,28.614457831325304
1.0,0.184207,28.614457831325304
1.0,0.24420531,28.614457831325304
1.0,0.32374575,28.614457831325304
1.0,0.42919343,28.614457831325304
1.0,0.5689866,28.614457831325304
1.0,0.75431201,28.614457831325304
1.0,1.0,28.614457831325304
